x,y
-0.511277,2.444446
0.016636,-0.064659
-0.091571,-0.034266
-0.098361,-0.118606
-0.024926,0.045528
0.029977,-0.146565
-0.076287,-0.070891
-0.071565,0.020716
-0.062111,-0.123469
-0.057717,-0.045385
-0.009079,0.065909
-0.112376,-0.033157
0.066930,0.095501
0.764555,-1.592993
-0.791603,0.251982
-0.221302,0.159195
0.948785,1.193947
-3.133311,-2.094289
0.573679,0.905220
-2.519254,2.614427
0.196329,1.508742
0.311101,0.306391
-0.160435,0.148570
-0.550676,0.469947
-1.867481,0.145261
-0.298151,0.447231
0.612718,0.891617
-0.393252,0.443942
-1.746341,0.924756
0.543381,0.633125
-0.069102,0.023601
0.591437,-0.552567
-0.569996,-1.241467
-0.457359,-0.031303
0.020164,-1.257760
-0.177643,-0.950564
-0.124019,0.058417
-1.392552,-0.128402
0.474800,-0.619599
-0.829619,-1.438018
0.429769,0.281328
0.066442,-0.797438
-0.637700,-0.634312
-0.969534,-1.060750
-0.262736,-0.182839
-0.275677,-0.581071
0.624056,2.900054
1.448460,-2.941121
0.227557,-0.394128
0.255333,2.045042
-2.789532,1.436719
0.823887,1.847120
0.394363,0.116112
-0.574851,-0.656807
-3.247268,-0.894589
-0.580736,-0.392820
-0.333578,-0.643126
-1.423335,-0.985132
0.603839,-0.343102
-2.522723,-1.808658
-0.125252,0.516362
0.354927,0.224517
0.334028,-0.594985
0.674425,0.307622
0.445385,-0.097479
-0.329175,-0.549863
-0.118805,-2.277330
0.409844,0.962050
-0.185657,-0.547165
-0.497061,-0.414519
2.309762,1.944104
-2.158390,-0.680646
0.488541,0.444064
-0.601780,0.611487
-0.114879,-0.048104
-0.182968,0.668877
0.316373,0.388399
0.160815,-0.374068
0.195449,0.605270
-0.132428,-1.030513
0.618664,-0.132760
-0.750953,0.473480
0.610006,1.059932
0.281839,-0.521833
-1.452588,-1.722679
-0.655881,0.453815
-0.264415,0.478417
0.544496,1.377548
-0.689593,-0.694709
-0.645345,-0.802576
-1.130977,-0.618249
0.152024,-0.251654
-0.552934,-0.447085
-0.885938,-0.491316
0.368205,1.686084
0.338570,-0.023223
0.099581,0.114380
-0.710270,-1.549305
1.007037,-0.898270
-0.541322,-1.504286
-0.490678,-0.092616
-0.448682,-0.756183
-0.452444,-0.714347
-1.040691,-0.258763
-0.635596,-0.880615
-0.370332,-0.271233
-0.804696,0.227513
0.533144,0.340211
-0.331076,0.091454
0.753937,-0.485346
-0.461713,-0.810718
-0.927222,0.068557
0.527254,2.997197
0.390445,2.915066
-0.917476,-0.635212
0.315405,1.453139
0.704440,0.655365
0.370727,-0.222442
-1.731848,1.081334
-0.380162,0.050644
-0.844918,-0.987757
0.368583,-0.557379
-1.391437,-0.649149
-0.592399,0.185161
0.449175,0.171905
-0.248475,-1.554145
0.314156,0.263439
0.094498,-0.026132
-0.447616,-0.680570
-1.426776,0.417905
-0.384056,0.466724
-0.013224,-0.805236
-0.091379,0.607499
1.231321,-0.709443
0.235307,0.128540
0.216971,-0.514664
0.220956,-0.244474
0.078618,-0.924765
0.201139,-1.746069
-0.093611,-0.273354
0.486528,0.032298
-0.399548,0.048857
0.102641,-0.524195
-0.595335,-0.284381
-1.671565,-1.078671
0.457767,-0.621039
-0.380463,-0.429033
0.695166,0.016454
-0.037464,-0.136419
0.004604,-0.102713
-0.185838,-1.292713
0.103146,0.762838
0.267014,0.372185
-1.782573,-0.642424
0.096010,-0.490752
-1.833861,-0.210826
-0.880058,0.014980
0.284308,1.340307
0.009303,0.241644
0.579554,0.322969
0.427813,-0.113033
0.650354,0.047912
0.766917,-0.391914
-1.083153,0.280012
0.911055,-0.990047
-0.532163,-0.389713
0.298744,0.376768
-0.720541,-0.892888
0.076283,-0.761529
0.182794,-1.059387
-0.334138,-0.725203
-0.396764,0.179160
0.142714,0.292416
0.811715,0.310253
0.283835,-0.632463
0.839077,0.484416
0.787353,0.558215
0.030254,-0.122154
-0.980385,-0.448479
0.684273,0.226946
0.477269,0.291367
1.508201,0.351174
-0.461022,-0.295846
0.112590,0.735088
0.508525,-0.402690
0.569893,-0.038814
1.084877,1.952315
0.039009,-0.227025
-0.826914,-0.882798
-0.376950,-0.421749
0.558334,-0.180222
-0.796707,-2.209925
0.657030,0.038887
0.050654,-2.271008
-0.408748,-0.420571
0.112188,-0.471613
0.250396,-0.666195
0.152668,0.859187
0.745543,0.042613
-0.832612,-1.261274
-0.855633,-0.237363
-0.964399,1.349755
0.907039,0.616095
1.071869,0.144006
-0.469494,-0.369947
1.177087,-0.366126
-0.450523,-0.195082
0.709637,-1.156668
-0.674847,-0.437932
-0.458690,-0.074848
-0.653732,-0.319748
0.990419,-0.358302
-0.528699,-0.695682
0.475627,-1.318377
-0.201685,0.139254
0.045144,0.304876
0.111734,-0.820138
0.029789,-0.079308
-0.166989,1.434729
-0.154755,0.994642
0.146515,-0.196983
-0.554782,-0.017156
0.884494,-1.086340
0.000578,0.174969
-0.387656,0.216546
-0.915554,0.599003
0.669569,-0.246050
-0.187260,-1.399368
-0.651162,0.797396
-1.285194,0.392681
-0.071981,-0.737450
-0.852916,-0.083355
-0.430763,0.563383
-0.473538,-2.684508
-0.172656,0.866462
1.520050,-0.979945
-0.829544,0.214211
-0.514956,-0.413372
0.209393,-0.120806
-0.371362,-0.368723
0.168114,-0.324382
-0.586425,0.333483
-0.757782,0.123117
-0.509638,-0.217724
-0.245736,1.202172
-0.435025,0.503379
0.231832,0.339207
0.699346,0.740554
0.936581,0.060277
-0.264155,1.225268
0.872986,-0.044576
0.723162,0.332447
-0.099814,-0.383659
0.681896,0.211109
0.555440,-0.068556
0.660119,0.244315
-0.018875,-0.130130
-0.234873,-0.446128
0.632663,0.390701
0.307103,0.060783
-0.523314,-0.558888
-0.318232,1.331563
0.221530,-0.957667
1.032301,0.185969
-0.194284,-0.109353
-0.114066,1.050823
-0.257503,0.251603
-1.792523,0.346974
0.461307,0.947002
0.382632,0.324364
-0.928353,0.575408
-0.177573,0.963492
1.095804,0.713436
-0.455979,0.227830
-0.239094,0.133460
1.145266,0.826078
-0.457883,0.948357
1.349351,0.320407
-0.072788,1.050171
-0.162669,0.083164
0.532061,0.315883
-0.287768,-0.561639
-0.336241,0.127088
0.579159,0.993894
0.351621,-0.618199
-0.157847,0.321526
0.438036,0.282372
1.108631,-0.012339
0.323980,0.536732
-0.412932,0.150044
0.492457,0.391145
0.634965,-0.048550
-1.597019,0.070404
0.728875,0.335821
0.150824,0.008264
-0.696113,-0.663409
-0.295633,-0.732617
0.432261,-0.048193
0.263423,0.486243
-0.276467,0.348533
-0.578493,-0.332609
-0.605603,0.491323
0.885304,1.028482
-0.115977,0.769481
-0.726553,0.121981
0.300042,0.151568
-0.138779,0.312887
-0.335103,-0.712493
-0.003620,0.503929
0.099335,-0.048531
0.022888,0.109262
-0.627782,-2.179730
-0.926153,-0.548435
0.196444,-0.285912
0.267625,0.174150
0.228858,0.156912
-0.460107,-0.313986
0.179309,-0.096256
0.121376,0.421771
0.160127,1.012236
0.399808,0.065471
0.245906,-0.198743
0.586491,-0.625743
-0.136572,0.289054
-1.718539,-0.803630
0.271798,0.160919
0.831431,-1.047076
0.078232,-0.607991
-0.240414,0.153205
0.291643,-0.082093
0.276843,-1.101114
-0.534895,-1.198176
0.113086,0.097225
-0.014835,0.991185
0.023732,-0.084056
0.358646,-0.049962
0.274762,-0.296121
0.314766,0.074992
-0.630249,-0.497967
0.575911,-0.218443
0.460912,-0.603807
0.400575,0.992223
-0.219460,0.307827
0.747359,-0.891834
0.001347,0.906807
0.919690,0.104578
0.734671,0.373350
-0.105958,-0.439946
-0.450378,-0.982418
-0.261222,-0.313226
0.583449,0.332478
-0.063056,-0.778377
0.779226,-0.724118
1.029657,0.320551
0.306312,-0.920164
0.601369,-0.224872
-0.418729,-0.406385
0.207575,-0.064793
-0.307305,-0.409297
-0.144768,-0.309087
-0.349530,0.016181
-0.226746,-0.504822
0.603554,-0.462368
-0.898778,-0.972618
1.727115,-0.096130
0.544560,-0.173544
-0.011413,0.474158
-0.026696,-0.099805
0.390783,-0.327377
0.423021,0.390612
-0.265413,0.899967
-1.283708,-0.841111
1.619920,0.369747
0.497048,0.088488
-0.301468,-0.657575
-0.775693,-0.578817
0.138224,0.252339
-0.477962,-0.509626
-0.214174,-2.168220
-1.159244,0.643225
-0.916166,0.690771
-0.101382,-0.470995
-0.240255,0.147846
-0.148461,-0.546732
-0.005038,-0.520201
0.021546,0.257357
0.062298,0.402307
0.434820,-0.344086
-0.350256,0.028985
0.167230,0.004680
0.640668,0.000707
-0.343242,-0.860246
0.143362,-1.111222
0.017674,-0.426704
0.486433,-0.813684
-0.470078,-1.500598
0.430895,0.145156
1.308287,1.846497
-0.161519,-1.230075
-0.460221,-0.168596
0.012426,-0.167720
-0.920973,-1.105221
0.738920,-0.364187
0.423285,0.155267
0.135221,-0.122402
0.097354,-0.046976
0.863781,-0.161602
-1.068603,-0.453451
-0.698247,-1.617279
-0.998753,0.707013
0.623998,-0.467270
-0.812453,0.640431
0.700449,0.462925
-0.899980,-0.265997
-0.154296,-0.583292
0.862017,-0.044838
-2.061090,0.806016
-0.227133,0.627711
-0.962283,0.223228
0.820757,0.404653
-0.455257,-0.594132
0.290911,0.550920
-0.767417,0.512982
-0.822634,0.116379
-0.073386,-0.939377
0.404415,-0.247014
0.795377,0.467216
-0.391003,0.336834
-0.462432,0.608162
-0.089706,0.481146
-0.662322,0.401713
-2.822886,1.105790
-0.402859,0.155307
0.626123,-0.095701
0.431035,-0.364225
0.491173,0.055946
-0.612530,-0.458392
0.755037,-0.722853
-0.006580,-0.662926
-0.812765,-0.606450
0.691139,0.153683
0.269135,-1.144405
-0.381579,-1.236542
0.517901,0.144352
0.892087,0.428978
0.797264,0.235570
0.310814,-0.043774
0.361593,-1.736817
0.436398,-0.022285
-0.332267,-0.023333
-0.329607,0.320131
-0.749534,-0.144961
0.261512,-0.296650
0.228521,-0.453479
0.652597,-0.465925
-0.411751,-1.502213
0.894424,0.298607
0.398710,0.229848
-0.317696,-1.367398
0.286060,0.925025
0.879318,0.225430
-0.659488,-0.465721
1.139784,-0.134258
0.143024,0.189036
0.057489,1.154402
0.455728,-1.483061
1.639743,-1.322728
-0.028486,1.021348
-0.365594,-0.259411
-0.474412,0.339979
-0.063911,-0.016312
-0.330729,0.313066
-0.700085,0.122715
0.163781,0.037573
0.473646,0.798112
-0.681456,0.676807
-0.361223,-0.082438
-0.915809,0.573548
0.458980,0.228304
-0.350865,0.588335
0.331925,-0.317871
0.244595,-0.811112
-0.910129,0.333304
-0.375395,0.659162
0.774571,0.436455
0.541312,-0.788545
-0.492342,0.463770
-0.700435,0.673930
0.416850,0.171035
0.707975,0.603851
1.078142,-0.793776
0.033719,-0.173694
-0.301757,0.863503
-2.725837,-0.692710
0.183862,-0.150062
0.706229,-0.434798
0.118188,-0.339985
-0.603698,-0.705712
1.037706,-0.305868
-1.298041,-0.660256
0.666466,0.263779
0.978043,-0.124796
0.204683,-0.212315
0.257353,-0.001776
-1.435632,-0.978880
0.400015,0.185223
-0.304144,0.354731
0.234936,-1.363383
0.019388,-0.259902
-0.960815,0.795084
0.748396,-0.029964
1.743758,-0.155591
-0.352837,-0.724868
0.415379,0.008579
0.016679,-0.648330
-0.506744,0.406984
1.169802,-0.061970
0.719061,0.193693
0.841730,0.161734
0.614146,0.011119
0.067056,1.207326
0.334228,0.369792
-0.177107,-0.584578
0.619154,1.005733
-0.147257,-0.137844
0.016781,-0.490686
-1.359059,-1.179100
1.178360,-1.313491
0.116088,-0.302239
-0.557304,-0.514957
0.623425,-0.553787
0.019004,-0.520401
0.202806,-0.095044
0.610833,-0.747096
0.335037,0.314639
0.083938,0.187623
0.359220,0.255021
0.366055,-0.195084
0.379775,-0.448636
-0.620957,-0.874365
-0.371277,-0.061805
0.321485,0.219006
-0.645556,0.583921
-0.383595,0.166451
0.501549,-0.329024
0.051136,0.646032
0.049190,0.389098
-0.150207,0.442767
0.356955,-0.294089
0.175239,0.147285
0.378429,-0.412497
0.307675,-0.104438
-0.528397,-0.747399
0.212076,0.346138
-0.037040,-0.219476
-0.321188,0.273714
-0.373849,-0.488550
-0.001016,-0.025467
0.752062,0.188936
0.889625,0.045594
-0.125362,-0.606233
0.109675,-1.343667
-0.369466,0.409178
0.374068,0.075072
1.160541,-0.841106
-0.121866,-0.144224
1.114431,-0.591287
0.777015,-0.427590
0.776373,-0.068281
1.473409,-0.847715
0.304424,-0.125082
0.285214,-0.019935
-0.102632,0.017326
-0.782670,0.421745
0.111713,0.426608
-0.105219,-0.659545
-0.553007,0.126857
1.384260,-0.270364
-0.104555,0.525058
-0.163731,0.978916
0.489896,0.232509
-0.453334,0.076609
0.030788,-0.154513
0.057321,0.523332
-0.417619,-0.384420
0.311483,-0.999721
-0.530556,-0.379133
-0.995111,0.044120
0.543212,0.239686
-0.160781,0.797549
0.745979,0.471847
-0.414329,-1.074786
0.217462,-0.442292
0.991756,-0.038723
-0.230014,-1.115750
0.137589,-0.194108
1.205121,0.524252
0.939319,0.667829
0.315974,0.183084
0.552379,-0.471163
0.003056,-0.289196
0.225489,-0.428149
0.223052,0.066385
-0.399152,0.859902
1.723814,-0.149653
0.647842,-0.781166
0.004926,-0.630484
0.303386,-0.256214
0.998721,-0.176551
-0.301942,0.391396
-0.018773,0.439609
-0.339227,-1.055262
0.305762,-0.973095
-0.554071,-0.899825
-0.834228,0.507654
-0.014043,0.330661
-0.176589,0.114105
-0.025490,0.103100
-0.777564,0.608275
-0.179908,-0.055931
0.469127,-0.058303
-0.014756,-0.269250
-1.213383,0.145966
0.898558,0.073856
-0.299645,-0.153161
0.360101,0.162822
0.115196,1.170208
0.252834,0.713269
0.041860,0.711008
0.195960,0.230310
-0.888183,-0.258843
-0.603454,0.310815
-0.010489,0.521217
0.532052,-0.002271
0.433253,0.096211
-0.632110,-0.101445
0.291640,-0.184596
-0.200674,2.188366
0.320332,-0.163711
-0.529643,-0.722484
-0.155104,-0.364489
0.389256,0.374381
-0.358975,0.012473
0.822022,0.396765
0.548379,0.631917
-0.342856,0.036708
0.105006,-0.773380
-0.716820,-0.880641
-0.234611,-0.004695
0.575452,0.619749
-0.023150,-0.141781
-0.106723,0.079382
-0.299635,-0.801518
0.522045,-0.098414
1.208035,0.447608
-0.397295,-0.373396
-1.628783,0.285761
-0.486304,-0.294788
0.559798,0.431765
-1.161308,-0.498155
1.066167,0.324183
-0.414442,-0.258174
0.682723,0.138910
-0.443331,0.039103
-0.135246,-0.426654
-0.011860,0.857888
0.168818,0.402700
0.586755,0.611001
-0.422047,-0.420399
-2.093929,0.429989
-0.243690,0.071707
0.363663,-0.237304
0.994709,-0.199812
0.196116,0.591268
-0.349003,-0.487429
-0.279036,-0.262045
0.044922,0.348642
-0.274166,-0.494067
-0.010771,0.623078
-0.277571,-0.575850
0.365979,0.551885
0.871595,-0.047177
-0.410692,0.242392
-0.675767,-0.422048
-0.126658,-0.363494
0.819671,0.015828
0.172220,-0.243352
0.838036,0.638267
0.462605,0.144374
0.944528,-0.057466
-1.100139,0.329657
-0.048950,-0.727029
-0.836825,-0.131894
-0.835646,0.537778
-0.845524,0.646228
-0.028041,0.248778
0.389242,0.739443
-0.684463,-0.690838
-0.044636,-0.108190
-0.107281,-0.443555
-0.427614,0.624823
0.452645,-0.560590
0.671944,0.107082
-1.583919,-0.446311
0.108876,-0.410819
0.143961,-0.072189
-0.425909,-0.061596
-0.266558,0.104172
0.188277,-0.247313
-0.021517,0.410168
0.567761,-0.313135
-0.236927,0.170757
-0.730010,0.405516
-0.139021,0.344861
0.282817,0.262512
-0.407111,-0.485200
-0.895120,-0.203196
-0.267659,-0.008935
-0.395953,-0.370294
-0.214502,0.134100
-0.275617,-0.780302
0.588632,0.049375
0.446278,0.415350
-0.157926,-0.115051
-0.710432,0.518746
-0.157301,-0.275774
0.176204,0.319779
0.272601,-0.605575
-0.958810,0.502754
-0.439327,-0.107851
-0.554132,0.425342
-0.184338,0.297179
-0.261921,-0.207802
-0.610500,0.338606
0.288565,-0.510211
0.479460,-0.242330
0.192863,0.206798
-0.034513,-0.606912
0.252630,0.178224
0.899173,-0.182907
-0.725421,-0.321955
0.324819,0.452815
0.754563,-0.515886
0.328348,0.199580
-0.006199,0.494490
1.033209,0.102954
0.954461,-0.636335
-0.113729,0.337720
-0.202083,-0.266054
0.397518,-0.464595
0.150011,0.343558
0.447459,0.089157
0.304898,-0.807589
0.611083,-0.490874
-0.836491,0.756343
1.177216,0.796230
0.109281,0.172033
-0.149966,0.477999
-0.562966,0.135599
0.405490,0.565078
0.588292,0.493285
-1.335354,0.462417
-0.330361,-0.095192
0.504601,0.043411
0.074419,-0.055882
0.207448,0.374354
0.390599,0.279281
0.244539,-0.214264
0.244778,-0.641955
0.441661,-0.023732
0.066949,0.185037
0.355670,0.721493
0.297676,0.233742
0.456878,0.135272
0.975908,0.268288
-0.261568,0.014249
0.129389,-0.437112
0.471531,0.576456
-0.170508,-0.361131
-0.239909,-0.034514
0.820693,-0.393915
0.282601,-0.149945
-0.538329,-0.633475
0.074284,-0.334511
0.338033,-0.313579
0.411680,-0.194053
0.297363,-0.688070
0.684754,-0.510088
-1.177695,0.352445
2.089696,-0.798654
-0.001601,0.904267
-0.093996,0.586515
0.115856,0.140170
0.462311,0.641282
-0.492811,-0.187522
0.113530,-0.882943
0.493642,0.568479
0.239944,0.131741
0.187936,-0.194562
-0.498466,-0.006854
-0.800242,0.752709
0.036017,-0.908933
-0.379163,-1.634688
-1.091303,0.147491
-0.777331,0.340834
0.057757,0.220473
0.599099,-0.422527
0.357563,0.960315
-0.051802,0.607177
-0.717096,-0.574138
0.278435,-0.681227
-0.420739,0.196094
-0.113533,-0.110489
-0.035369,0.386241
0.835384,0.577300
0.666790,-0.220600
-0.390276,-0.345707
-0.237341,1.017512
-0.784778,-0.500541
0.947698,-0.258896
-0.210066,-0.197688
0.112167,0.014674
-0.257442,-0.737684
0.207780,-0.215313
-0.876234,-0.674042
-0.086310,-0.583925
-0.612939,-0.525132
0.227046,-0.722948
-0.934176,0.443672
0.544768,0.624317
1.573962,0.210321
-0.487516,0.121958
0.405746,-0.296497
-0.333681,-0.636326
0.432360,0.102917
-0.352620,0.725346
-0.503910,-0.372354
-0.056953,0.357981
0.082847,0.231306
0.388924,-0.129943
0.402992,-0.670686
-0.156613,-0.275189
0.230580,-0.323533
-0.991939,-0.879385
0.427274,-0.095351
1.117552,-0.952038
0.111292,-0.333956
-0.433817,-0.795469
0.981772,0.388848
-0.184310,-0.462072
0.081904,0.233822
0.574262,0.099376
-0.363095,0.101509
0.860438,0.290572
1.184498,0.746006
0.656457,0.594196
-0.645213,0.519603
-0.277708,-0.038998
-0.086535,0.360033
0.066410,0.183767
-0.976493,0.342275
0.860782,-0.358442
0.170924,0.160651
1.537064,0.853023
0.440810,0.475814
-0.341063,0.107454
0.114691,-0.105112
0.462799,0.572140
-0.114385,0.154343
0.508797,0.051620
-0.399153,-0.115798
-0.015957,-0.079381
0.452342,-0.136130
-0.616235,-0.497586
0.697159,-0.705068
0.411543,-0.631307
0.897095,-0.004378
0.634115,-0.145916
-0.101066,-0.956203
-0.110019,-0.042806
-0.427082,0.069961
-0.809799,0.328083
-0.401626,-0.524861
1.253595,-0.022900
0.452118,0.601819
0.078814,-0.599935
-0.715664,-0.847305
0.013339,-0.047057
0.439320,-0.203896
-0.332082,-0.296719
-0.065640,-0.722415
0.382028,0.289959
0.326854,0.029461
1.238550,-0.487673
-0.683368,-0.076623
0.570933,0.400042
0.166492,-0.170763
0.088429,0.347876
-0.488041,-0.212768
-0.103579,-0.248273
0.155893,-0.344598
1.107468,-1.250623
0.583001,0.367707
0.607178,-0.462952
-0.196913,-0.719437
0.244588,-0.001682
0.269301,-0.815293
-0.626830,-0.192056
-0.032284,-0.285856
-0.619230,0.212571
-0.535711,-0.468011
0.294445,-0.115850
0.229212,0.981400
-0.059434,-0.077779
-0.154207,0.268415
0.783953,-0.224748
-0.537169,-0.635725
0.082634,0.219542
-0.099954,-0.264224
0.500983,-0.952828
0.322133,0.149123
-0.243906,-0.906792
0.107606,-0.111721
-0.462902,1.152717
0.996940,0.482513
0.191786,0.718945
0.444191,-0.708124
-0.093970,0.182967
1.065799,-0.035281
0.080160,0.265867
-0.042101,0.752716
-0.147122,-0.478820
-1.294203,0.293941
-0.099265,-0.393303
-0.143864,-0.181709
-1.221670,-0.079771
1.021844,-0.782000
-0.175961,-0.058880
0.438166,-0.005592
0.497174,-0.082295
0.296933,-0.131371
0.301175,0.241143
1.135586,-1.052286
-0.195831,0.140931
0.189580,0.063822
0.490960,-0.837685
-0.021374,-0.098977
-0.095052,-0.767028
0.475932,0.241330
-0.675948,-0.145613
0.112905,-1.252866
0.019994,0.257735
-0.284713,-0.702300
0.642185,-0.319800
-0.706829,-0.283718
0.466977,-0.209981
0.725319,0.518086
-0.234061,0.494562
-0.807414,0.039670
0.670165,-0.668793
-0.303131,0.106734
0.303480,0.158723
0.472481,0.630727
0.478072,-0.552028
-0.176068,-0.359263
0.480982,0.171430
-0.103912,0.060565
0.814653,0.086316
0.419155,0.061063
0.466073,-0.216833
-0.142093,-0.272671
-0.148009,-0.251344
-0.772689,0.248180
-0.444082,-0.632103
0.290558,0.215578
1.048047,-0.351583
-0.818824,-0.210202
-0.046620,-0.248727
0.412118,-0.139388
1.826332,-1.436054
-0.138120,0.758782
0.454781,0.231394
-0.282068,-0.355145
0.315167,-0.253321
0.926210,-0.317852
-0.171544,0.386629
0.083907,-0.609742
-0.001829,-0.521074
0.365196,0.775782
-0.350553,0.229802
-0.435961,0.589143
1.122796,0.293400
0.164913,-0.576059
-0.372167,-0.239158
0.584147,-0.028493
0.083544,-0.374982
0.119073,-0.537223
0.675854,-0.166018
0.410595,-0.328606
-0.079134,-0.318066
-0.199591,-0.499826
0.628767,-0.217342
0.857440,-0.491336
-0.275080,-0.731824
0.209789,-0.613866
0.022001,-0.361139
-0.559283,-0.453978
0.512473,0.198410
0.293773,-0.278442
-0.426530,-0.361025
0.550833,-0.070725
0.338382,0.107078
0.076548,-0.576842
-0.901499,0.365730
0.264246,0.313004
1.163732,0.034637
-0.225631,-0.522084
0.149830,0.204436
0.151778,0.117966
-0.123310,0.534124
0.013593,-0.298937
0.589364,0.341396
0.088782,0.745788
0.081199,-0.260087
0.286120,0.770707
0.040028,0.732200
0.390018,0.080627
0.440657,0.466448
-0.015747,-0.195889
0.929454,0.652308
0.390556,-0.058029
-0.617182,-0.263780
-0.308870,0.240443
-0.372563,0.633422
0.452274,-0.154561
0.007166,0.399839
-1.670218,-0.469220
-0.973986,0.313550
0.188141,0.243270
0.040909,0.574094
0.747023,-0.020434
0.738201,0.505438
-0.342424,0.407026
0.787562,-0.867311
-0.156114,-0.162418
-0.077282,-0.048186
0.472090,0.221642
0.232312,-0.009363
-0.143322,-1.063316
-0.187195,0.072888
0.314802,-0.663224
-0.335149,-0.406032
0.295339,-0.226958
0.288859,0.249695
0.698922,0.170484
-0.749997,-0.426829
0.251055,0.226139
0.124403,0.031127
0.059049,-0.153612
0.224251,0.298235
0.490764,0.140471
0.332997,-0.357222
0.731353,0.015687
0.098911,-0.051250
-0.662867,-1.783486
0.725243,-0.036963
0.566250,0.173316
-0.011771,-0.168142
-0.161652,-0.503920
-0.811254,-0.493210
0.131288,0.186642
0.449230,0.320013
-0.194525,1.118179
0.516811,0.383874
-0.432228,0.118762
0.618358,0.175472
0.389235,-0.463017
0.620504,0.522863
0.245870,0.505864
-0.420295,-0.028187
-0.428016,0.070689
-0.137167,-0.099845
0.060944,-0.140462
0.083221,-0.817976
-1.552432,-0.159923
0.691784,0.165612
-0.030776,-0.134903
0.382023,-0.405259
-1.016558,1.972772
-0.331240,-0.106233
0.248587,0.089077
-0.586698,-0.532651
0.100938,0.254913
-0.469009,-0.592559
0.755234,0.301044
0.620699,0.218184
-0.085736,-0.502997
0.215131,0.180546
0.993012,0.115367
0.260790,0.265805
0.126949,0.138522
-1.027635,-0.277530
-0.283886,0.426709
-0.265195,0.112651
-0.020026,-0.510950
0.370117,0.406692
-0.865640,0.941803
0.031073,-0.103901
0.306039,-0.018986
0.559830,0.305784
0.276720,-0.376917
0.698623,0.384374
-0.229709,0.550982
1.445248,0.693910
0.141972,0.185411
0.347949,0.209610
0.698639,-0.039918
0.526104,-0.358621
-0.400417,-0.109339
-0.378292,0.102735
0.382521,-0.245147
0.913737,0.067434
0.408255,0.235293
-0.702930,0.158871
0.106925,0.913780
-0.154088,0.149343
-0.693506,-0.470184
-0.143755,0.506140
0.218972,0.004385
0.402733,-0.558213
-0.412779,-0.337965
-0.323082,0.148405
-0.352255,0.076096
0.449522,-0.117589
-0.543709,-0.864283
0.258236,0.933811
-0.204715,-0.306433
-0.313076,0.512122
0.229336,0.514051
-0.152802,-0.195491
-0.266218,0.142984
0.057196,0.717715
0.135118,-0.486580
1.321051,0.113268
-0.812055,0.131005
0.146132,-0.378461
0.558419,-0.285206
-0.084273,0.398650
0.288588,0.092207
0.304953,0.129667
0.955358,-0.252694
-0.363079,0.673294
-0.586616,-0.022674
-0.212989,0.597674
0.513891,0.361463
-0.018104,-0.780261
0.726494,0.471068
-0.128247,0.540976
-0.527456,0.201270
-0.352485,0.313992
0.583591,-0.044382
0.393653,0.006429
-0.730944,0.353763
0.276432,-0.199397
0.029489,0.757714
-0.143626,-0.498871
0.436683,-0.062568
-0.091730,-0.472388
-0.335156,0.131191
-0.205305,0.244956
-0.583716,0.199973
-0.166755,-0.872808
-0.309223,-0.363572
-0.291764,0.024553
0.566761,-0.303529
0.158197,-0.061979
0.088125,0.040392
0.373787,-0.023412
-1.167023,-0.505675
-0.155618,-0.157210
0.476514,0.476817
-0.505375,0.156325
0.072272,-0.281442
0.085629,-0.107073
0.596945,-0.010075
-0.103929,0.174255
0.367297,-0.696106
-0.001249,0.335877
-0.055565,-0.847480
0.941899,-0.379868
-0.368083,-0.574587
-0.459294,0.114409
0.084602,0.158664
0.930183,-0.622207
0.167771,0.566296
0.407855,-0.095467
0.726733,-0.078583
0.207366,0.008864
0.233497,0.882960
0.366097,0.217052
-0.070367,0.102539
-0.185805,0.232537
0.206774,-0.174651
-0.005241,-0.039399
-0.379547,-0.351358
-1.205251,0.326493
-0.331039,-0.250502
-0.366034,-0.592490
0.645568,0.111366
-0.238863,-0.962588
-0.356482,-0.331159
0.032284,0.136862
0.674156,0.025863
0.425290,-0.476146
0.098416,0.240452
0.208312,-0.427129
-0.086916,0.506007
0.195758,-0.419065
0.436598,-0.263288
-0.308617,-0.053204
0.180892,0.236586
-0.506384,0.209485
-0.057744,-0.381478
-0.312006,-0.151965
0.492553,0.164620
-0.236720,0.031289
-0.072370,-0.122386
0.334348,-0.313871
-0.134082,0.093617
-0.270641,-0.455506
-0.222933,0.936046
-0.847324,-0.390633
-0.842026,-0.514624
0.525301,-0.345445
-0.181298,0.491224
-0.732268,0.795074
0.385401,-0.243262
0.074853,0.238975
0.284829,0.123019
0.639506,-0.769974
-0.035711,0.649575
0.249114,0.160341
-0.515831,-0.053734
0.520278,0.168235
0.204476,-0.142736
0.115303,-1.142200
0.133979,0.436436
-0.016098,-0.067338
0.541396,0.072660
-0.139847,-0.248347
0.383774,0.188925
0.368706,0.158330
0.553712,-0.060631
-2.061536,-1.000953
0.665848,-0.743136
-0.171384,-0.335665
0.191945,-0.177390
0.538401,0.034559
-0.318187,0.533878
0.392067,-0.216805
-0.091418,0.393705
0.650301,-0.168842
0.062414,0.181455
-0.108038,0.120857
-0.127681,0.325377
0.794421,0.025219
0.671580,-0.338227
-0.042155,-0.063839
0.748117,-0.213724
-0.262969,-0.275878
0.127441,0.138359
0.258682,0.445588
0.318642,-0.210871
0.318313,-0.133001
0.502444,-0.344273
-0.647059,-0.582770
0.337889,-0.646693
0.669024,-0.532186
0.534615,0.013547
0.300447,1.211470
0.558270,0.277581
1.253086,0.023373
0.080583,0.114394
0.108935,0.125068
1.320067,-0.542927
-0.641509,-0.201815
0.327917,0.178085
0.442362,0.179065
0.203208,-0.054880
0.234681,-0.106532
-0.424343,1.046673
-0.916404,-0.014478
-0.468454,0.242420
0.093221,0.375269
0.221768,-0.075082
0.199505,-0.051707
0.264340,0.387141
0.688445,0.153265
1.000689,-0.800932
0.549151,0.247040
0.119407,-0.032535
1.249556,-0.085847
-0.316629,-0.445834
-0.035930,0.100628
-0.403989,-0.401637
0.185740,0.107608
0.084279,-0.462154
-0.858457,-0.046990
0.261529,-0.126302
0.180596,-0.200560
0.214992,0.263678
0.414226,-0.890044
0.130929,-0.505882
-0.625859,0.654786
0.306935,-0.314807
-0.439174,-0.419881
-0.098162,-0.869770
-0.278167,-0.716308
0.416531,0.626326
0.426056,-0.308356
-0.104821,0.258106
0.231827,-0.162932
0.066960,0.249842
-0.541951,-0.033120
-0.044010,0.366323
-0.576671,-0.200211
0.289066,0.295063
-0.037020,0.233951
0.525910,-0.288210
0.383995,-0.145990
0.301739,-0.286415
0.129478,-0.006884
-0.076042,0.316415
-0.126258,0.137496
-0.647866,0.161022
0.170468,-0.537267
0.495204,-0.092475
-0.732238,0.734397
-0.385251,0.614163
-0.578738,0.548428
-0.055639,-0.754759
-1.041474,0.346744
-1.050239,-0.985667
0.357551,0.184085
-0.975862,0.479375
0.235336,-0.212293
0.281991,-0.294352
0.365848,0.204082
0.119807,-0.246721
0.601475,-0.601293
-0.266422,-0.665957
-0.061724,-0.704703
-0.265853,-0.406721
-0.406132,-0.985778
0.116660,-0.174203
-0.620183,-0.343116
0.322864,-0.138656
0.053572,0.341330
-0.124806,-0.214812
0.103801,0.163655
0.898360,0.478388
-0.280605,-0.464302
0.074426,-0.352920
-0.084701,-0.508107
-0.294590,-0.008330
0.324715,0.287057
-0.031692,-0.517410
0.834931,-0.210749
-0.137674,0.378983
-0.372471,0.168913
0.112089,0.542944
0.049449,-0.445217
1.134031,-1.047403
-0.393601,-0.162265
-0.933197,0.835143
0.362905,0.374737
0.303400,-0.017126
1.002895,0.033310
0.012840,0.132791
-0.333420,-0.438160
0.355014,0.187765
0.365181,-0.261927
-0.352768,-0.575516
-0.217515,0.027172
0.153674,-0.143660
0.286241,-0.145283
0.619242,-0.432202
0.526721,-0.407077
-0.389671,0.465875
0.184373,-0.020854
-0.510096,-0.156050
-0.206518,-0.569236
-0.279497,0.468330
-0.168510,0.199654
0.390956,-0.012239
-0.086192,0.076498
0.361927,-0.250662
-0.530481,-0.010685
0.277888,-0.809795
0.698515,0.323487
0.321172,0.925177
0.086589,-0.248794
0.355944,-0.068624
0.774369,-0.680907
0.160992,0.146469
0.241283,0.270297
0.765561,0.241212
-0.067184,0.253867
0.076486,0.362874
0.523538,-0.030057
0.348214,-0.101147
0.129602,-0.025295
-0.691971,-0.430669
0.543513,-0.323555
1.317949,0.113494
-0.105207,-0.142727
0.024951,-0.604302
-0.220280,-0.133298
0.325402,0.049503
0.005132,-0.331614
0.127404,-0.288007
0.687610,0.094320
-0.251446,-0.028843
0.407420,0.414658
-0.185972,-0.318406
0.073248,0.124851
-0.234428,-0.228548
0.678555,-0.096805
-0.244330,-0.054810
0.314268,-0.294107
0.193525,-0.247241
-0.271960,-0.327205
-0.080445,0.236175
0.454966,0.201661
0.380669,0.093705
-0.612854,-0.073110
-0.309235,-0.254932
0.497675,-0.309124
0.096019,-0.190732
-0.461229,-0.428668
-0.300687,-0.103342
0.317400,0.158079
-0.370136,0.395671
-0.640378,0.045647
-0.554085,-0.118467
-0.883311,-0.054525
-0.367238,0.219193
0.708668,-0.367969
-0.670408,1.102162
0.187405,0.192240
0.282620,0.306199
0.194327,0.455264
0.515818,0.207330
0.630621,0.264206
0.275542,-0.306539
0.286653,0.616011
-0.172184,-0.545322
-0.136129,-0.108042
0.285700,0.435451
0.493512,0.143663
-0.075193,-0.655273
0.024307,-0.034919
-0.125483,-0.047720
-0.232072,0.070025
-0.284720,-0.508718
0.474161,0.363224
0.328066,-0.030705
0.337773,-0.088127
0.176802,0.116534
0.265970,0.154114
0.200654,-0.163903
0.782090,0.110094
-1.016093,-0.413817
0.082499,-0.570653
0.433056,0.149988
-0.031669,-0.148222
0.372217,-0.110449
-0.067417,-0.854254
0.635776,-0.309063
0.466963,0.073817
-0.629835,0.117080
-0.222271,-0.505119
-0.211967,-0.250672
0.688805,0.245036
-0.695151,0.228980
0.523388,0.134347
0.418453,0.067263
0.623395,0.002879
0.275411,0.491839
-0.138243,-0.494754
0.073605,-0.632797
0.409685,-0.101001
-0.095086,-0.046283
-0.630875,0.201650
0.003330,0.431912
-0.584723,0.063126
-0.333718,-0.270293
-0.219931,0.032781
0.505567,-0.350406
0.607523,-0.308692
-0.444874,-1.015780
-0.439659,0.035171
-0.022085,-0.104513
-0.443768,-0.516506
0.314394,0.042495
0.164056,-0.979261
0.661680,0.077348
-0.442823,-0.189427
-1.501961,-0.423864
0.986467,0.124946
-0.313020,0.506630
-0.003109,-0.455021
0.968770,-0.794924
0.395901,0.066433
0.623602,0.017727
0.301790,0.113844
0.440146,0.438725
-0.412250,-0.438842
0.082895,-0.423905
-0.523189,-0.238430
-0.202868,0.209150
0.861493,-0.397710
-0.866653,-0.460993
-0.139805,0.212592
0.063960,0.328341
0.448977,-0.288752
-0.506519,-0.522712
0.162222,0.443292
0.787420,0.279641
0.454712,0.073964
0.262423,0.716040
-0.243323,-0.108740
0.760651,0.145497
-0.033095,0.050739
0.256348,0.206765
0.616164,-0.681361
0.114978,0.047635
0.214887,0.030322
0.368722,0.426396
-0.096143,-0.206310
0.553417,-0.815425
-0.030833,-0.167216
0.279689,0.133887
0.198798,0.218796
-0.481962,-0.304627
0.824182,0.209132
0.542665,0.514534
-0.108169,0.842085
0.241991,0.001364
-0.240424,0.036086
0.364783,-0.597352
0.258881,1.150924
0.420110,-0.265371
0.143965,0.190330
0.287869,0.123948
-0.057434,0.302774
-0.576635,0.603026
-0.355650,0.731979
0.561169,0.099368
-0.441350,-0.260262
-0.391827,-0.231466
-0.456248,0.576505
-0.186391,-0.384582
0.022034,-0.346470
0.078783,-0.078427
0.023346,0.107043
0.839246,0.154623
0.382393,-0.009563
-0.112125,-0.704500
-0.067585,-0.329984
-0.199281,-0.290831
0.331349,0.164827
0.451073,0.258287
-0.144999,0.041267
-0.306952,0.588854
-1.175854,0.375022
0.560687,0.297823
0.311837,0.314374
0.266171,0.158785
0.292728,0.372178
-0.370860,-0.603749
-0.347326,0.447037
0.103069,0.417154
0.032890,-0.177798
-0.155420,-0.557389
-0.480872,-0.323032
-0.773562,0.231718
0.907052,0.057154
0.444923,0.167478
0.323749,0.235835
-0.119038,-0.058048
0.182997,-0.708453
-0.760003,0.107955
0.443345,0.830802
-0.148552,0.067920
-0.622089,-0.020138
0.088273,-0.437846
-0.363793,0.478365
0.387668,0.436501
-0.430399,0.028992
-0.379415,0.320105
0.681646,0.069163
0.338637,-0.452498
0.029254,0.230081
-0.166836,0.707937
0.178365,-0.202314
0.207036,-0.031709
-0.417105,-0.210193
0.410192,0.002472
-0.474692,0.152817
-0.330864,0.154399
0.162088,0.253882
-0.067994,-0.588700
0.395939,-0.048389
0.063687,-0.110575
0.300684,0.028851
-0.507350,-0.166557
0.255825,-0.397271
-0.646230,-0.146378
-0.426035,0.782123
0.329882,-1.257619
0.620057,-0.236972
-0.017455,-1.473446
-1.054620,-0.449752
0.357525,-0.268412
-0.352989,0.679406
0.540197,-0.073580
-0.507074,0.625034
0.846556,1.004414
-0.442611,0.477424
0.301181,0.432293
0.217353,-0.060657
0.163212,-0.494008
-0.151961,-0.304157
0.732600,0.923088
0.371054,0.740690
-0.384222,0.040752
0.333022,0.482983
0.102926,0.244317
-0.560027,-0.006738
-0.822373,-0.703296
-0.571054,0.428267
0.228144,-1.332291
0.542887,-0.387048
0.045243,-0.324384
0.084268,-0.335679
-0.142753,0.773900
-0.038682,1.245660
-0.235757,0.594061
-0.081292,0.010748
0.971302,-0.829040
0.324146,-1.297851
0.711737,0.566128
0.075346,-0.080620
-0.028394,0.583943
-1.411053,0.822900
-0.249952,0.011849
1.275805,0.119674
-0.999475,-0.761595
-0.447684,-0.316747
0.588340,0.598471
0.403281,-0.101142
-0.204062,-0.262744
-0.477867,0.897733
-0.329312,-0.502396
0.693209,0.284160
0.251887,0.170502
-0.142128,-0.359804
-0.076942,-0.064553
0.802647,-0.153047
-0.072667,-0.187181
0.030980,0.123727
-0.286030,0.361632
0.845928,0.266266
-0.359439,-0.174019
-0.550485,0.397258
-0.304437,-0.971943
0.475516,-0.001007
-0.041562,-0.446702
0.405190,-0.283924
0.222804,0.467293
0.520391,-0.072788
-1.129531,0.796494
-0.201766,0.165401
-0.546404,-0.557260
0.330043,0.229049
-0.534399,-0.498436
-0.870058,0.609425
-0.146565,-0.288353
0.385597,-0.627578
0.103864,-0.426794
-0.216420,-0.513392
-0.348271,0.009859
0.515542,-0.167907
0.279146,0.607685
0.223096,0.001828
0.524913,0.457623
-0.346140,0.405510
0.442287,0.103665
0.420371,0.118072
-0.531043,-0.505526
-0.207853,0.446947
-0.563724,-0.147415
-0.199204,-0.174734
0.010886,0.753208
0.040257,-0.034868
-0.029256,-0.197568
-0.346265,0.164560
0.113798,0.545946
-0.078888,-0.272718
-0.194537,-0.055873
0.446460,0.282750
-0.700466,0.242664
0.263598,-0.520561
0.313063,-0.171602
0.596657,-0.583774
0.096133,-0.298027
-0.059730,0.164134
0.120648,-0.072137
-0.077551,0.052727
-0.330772,0.014725
0.334602,-0.026641
-0.413211,-0.122441
0.511980,-0.265716
0.492139,0.222222
0.111481,-0.054535
-0.339523,-0.185987
-0.458532,0.525364
0.635908,-0.060379
0.093963,-0.348535
0.215496,-1.012615
1.416937,-0.695730
0.369388,0.185299
-0.358339,-0.142938
0.346002,-0.384250
-0.086154,0.161175
0.153424,-0.489283
-0.556273,0.590697
0.416645,0.206037
-0.244805,0.422579
0.386624,0.035869
-0.081025,0.021290
0.543031,0.188083
0.437364,-0.045056
-0.149136,0.235299
-0.959270,0.931904
0.758322,0.005672
0.316265,-0.791283
-0.517010,0.210111
0.859383,0.203869
0.053794,0.189818
0.540020,0.173363
0.397078,0.030883
0.867547,0.147212
0.801957,0.563400
0.943131,-0.791872
-1.039291,0.455619
0.531527,0.235623
0.438971,0.098360
0.553197,0.461243
-0.370171,0.153567
0.676608,0.414854
0.477372,0.385475
0.433059,-0.160822
0.140146,0.100106
0.799872,-0.037088
-0.571302,-0.739864
-0.300923,-0.635498
0.203629,0.500936
-0.283787,-0.353844
0.470035,0.089526
0.210656,0.583479
-0.791171,-0.236641
-0.114016,0.005854
-0.159716,-0.239072
-0.046254,0.260683
-0.069850,-0.687596
-0.221558,0.518619
0.031208,0.331803
0.241042,0.534574
0.550563,-0.171245
0.122753,0.913916
-0.525372,0.708965
-0.436328,0.458522
-0.143163,0.465601
0.318839,-0.809336
-0.151543,0.906925
-0.087493,-0.136480
-0.944698,-0.255172
0.642453,0.454148
-0.122317,0.319180
-0.609764,-0.482985
0.099808,0.209517
-0.314870,0.237193
0.703947,0.161655
0.129206,-0.670719
0.887710,-0.562702
-0.274938,0.356268
0.582607,-0.130165
-0.678843,-0.147093
-0.622391,-0.636177
-0.523488,0.079327
-1.726122,0.939713
-0.179968,0.343644
0.730729,-0.104208
0.148906,-0.377529
-0.016776,0.150729
-0.229294,0.078487
-0.266413,-0.436206
-0.361484,-0.251145
0.316498,-0.041392
0.514178,0.363250
-0.003616,-0.413540
-0.508059,-0.340510
0.229373,-0.838987
-0.329006,-0.600900
0.096204,-0.940196
0.335439,0.207360
-0.526855,-0.050816
-0.632779,0.257977
-0.090853,1.118130
0.233830,0.250528
0.895763,0.495516
-2.384520,0.071491
-0.470975,-0.419955
0.599430,-0.242566
0.314700,0.290987
-0.583738,1.079684
-0.349366,-0.105307
-0.306525,-0.422000
-1.165988,0.026487
-0.957770,-0.146165
0.620322,0.202580
-0.000813,-0.358929
0.589530,-0.177396
0.077063,-0.648077
0.356357,-0.316176
-0.768906,-0.412925
0.799383,-0.017431
-0.029501,0.148728
-0.298645,0.838002
-0.148240,-0.414091
0.034434,0.663702
-0.132043,0.491838
0.354018,0.058007
-0.112051,1.140317
-0.146281,0.000965
1.364812,-0.515173
-0.224349,0.344745
-0.786220,-1.727725
0.474839,0.258263
-0.382861,0.421016
-0.531949,0.305617
-0.439848,0.604145
-0.138356,-0.208674
0.631691,-0.356038
0.671489,0.035905
-0.096046,-0.207305
-0.176373,-0.820072
-0.038037,-0.201584
-0.761268,-0.330185
0.435075,0.323479
0.133999,-0.339440
-0.250974,0.236171
-0.369929,-0.150920
-0.275469,0.242000
-0.033804,0.570680
0.194398,0.169979
0.340322,-0.474137
0.679981,-0.829750
-0.189390,0.135247
-0.696403,-0.518740
-0.206738,0.016702
0.064706,-0.188271
-0.747529,-0.033301
-0.148931,0.498924
0.131699,0.012801
0.479561,-0.410449
-0.319809,0.174881
0.096946,0.061949
0.329985,0.107806
0.954770,-0.032661
0.277978,-0.089754
-0.548125,-0.768885
-0.207058,0.278551
-0.141435,0.387445
-0.283713,0.026158
-0.299608,0.372600
0.287218,-0.360237
-0.155341,-0.075397
0.091057,0.050740
0.740551,-0.111229
-0.345611,-0.005567
0.373844,0.179116
0.126028,0.479558
0.090446,-0.650733
0.115267,-0.571004
-0.419546,0.602695
-0.190908,-0.505726
-0.016572,0.795131
-0.138811,0.606316
-0.338798,1.022195
-0.191718,0.401889
-0.946162,1.111489
0.239535,-0.203303
-0.322756,0.506061
0.212522,-0.064283
-0.222042,0.471294
-0.143316,0.063263
0.433516,0.123218
0.298243,0.781050
-0.087378,-1.323472
0.098757,-0.356973
-0.123170,-0.785258
-0.162673,-0.276893
-0.307300,-0.620005
0.364276,-0.670259
0.555237,0.410930
0.055510,-0.221012
1.109415,-0.678548
0.571061,-0.090781
0.711850,0.001192
-0.121746,-0.346545
0.433642,-0.194466
0.143732,-0.248077
0.361651,0.490467
-0.340721,-0.203014
0.799273,-0.371981
0.290612,0.016329
-0.134173,-0.402928
-0.534694,-0.045051
0.271345,0.212315
-0.789886,-0.636654
-0.067487,0.276593
-0.668149,1.599466
0.263857,-0.164253
0.566693,0.287589
0.332158,-0.586079
-0.401401,-0.279726
-0.430683,-0.365391
0.430240,-0.177450
0.780358,0.117538
-0.183019,1.723888
-0.228973,0.337533
-0.205549,-0.044570
-0.105044,0.411733
-0.208268,-0.123146
-0.109286,-0.667126
0.018713,0.180022
-0.429656,-0.320795
-0.425709,-1.372867
-0.962183,-0.213831
0.374807,0.150150
-0.278587,0.058832
0.438017,-0.179709
0.161815,0.168382
0.190626,0.029523
-0.303122,-0.775683
1.382368,-1.160887
0.330293,0.163357
-0.985270,-0.615321
-0.085660,-0.180436
-0.192020,0.086383
-0.532546,0.293897
0.188088,0.143812
0.353123,-0.323564
-0.248864,0.170815
-0.246340,0.269907
0.048828,-0.149253
0.427917,-0.051741
-0.258016,0.175252
0.398974,-0.363540
-0.003751,-0.092589
0.426840,0.325061
0.295350,-0.304497
-0.467598,0.079624
0.314131,-0.468323
0.148781,-0.269473
0.243804,0.005361
-0.008228,-0.133436
0.372503,-0.160633
-0.115250,0.327309
-0.295674,-0.449084
0.369645,-0.090289
0.012555,-0.395911
-0.087800,0.147779
-0.442450,-0.112046
-0.548650,0.037766
-0.634108,-0.500771
0.199188,0.735237
-0.161770,0.168716
-0.583071,-0.124204
0.557146,-0.190537
0.396790,0.278418
0.580795,-0.322299
0.484230,0.247231
0.215708,-0.196754
0.178331,-0.661836
0.476086,0.078259
0.178219,0.324130
-0.194741,0.148509
0.205345,0.097433
-0.312500,-0.009977
-0.561067,-0.289061
0.789388,-0.584404
-0.132261,-0.511490
0.386459,0.042101
0.733075,-0.307064
0.143965,-0.022048
-0.556426,0.011506
-0.547837,0.345061
-1.167984,-0.633305
-0.348376,0.353465
0.085811,-0.286805
-0.288459,-0.427956
0.909166,-0.216479
0.119845,-0.400544
-0.679160,-0.685296
0.221563,-0.033436
0.110511,0.260155
-0.124126,-0.054285
-0.044253,-0.174731
0.233545,0.234350
-0.964739,0.763843
-0.190585,0.191234
0.475127,-0.271191
-0.458092,-0.279648
0.267584,-0.882785
0.846361,-0.259063
0.456719,0.138171
-0.678485,0.682072
-0.077013,-0.836065
-0.046425,0.111710
-0.143073,-0.818847
-0.145831,-0.060452
-0.156275,0.190513
-0.408698,-0.161931
0.896543,-0.218345
-0.194096,0.124885
0.399674,0.343381
-0.346117,0.060351
0.328418,-0.647306
-0.327820,-0.882303
1.239346,-0.179742
0.668316,-0.169840
-0.061365,-0.327644
-0.278219,0.211125
-0.326070,0.724753
-0.673439,0.726258
-0.270546,0.516093
0.144159,0.481450
-0.158517,-0.189489
1.041601,0.142999
-0.465362,-0.350572
-0.798875,-0.619184
-0.643847,-0.400275
-0.204605,0.031731
-0.244022,0.376642
-0.066058,-0.081272
-0.097630,-0.398995
0.513342,-1.082214
-1.526845,-0.350116
-0.013645,-0.698960
-0.333281,-0.665710
-0.029992,0.122248
1.149114,-0.103894
-0.286517,-0.392665
0.110555,0.470607
-0.077702,-1.820009
-0.365925,-0.990019
-0.577913,-0.197122
0.413376,-0.128779
0.032610,0.514973
-0.141532,-0.035661
0.723198,0.065678
-0.246727,-0.103313
0.660351,-0.099499
0.130874,-0.370457
0.512206,0.285533
0.120095,-0.029959
0.549728,-0.067345
0.266889,-0.488240
0.315440,0.483568
-0.606842,0.793069
0.432278,-0.150846
-0.473832,0.258653
0.392784,0.210758
-0.108935,0.049676
0.074503,0.077198
0.567467,-0.027701
-0.533849,-0.308686
-0.041049,0.071755
-0.416877,-0.200231
-0.807252,-0.349890
-0.259376,-0.429788
-0.135389,0.214957
-0.619315,0.016457
-0.310754,-0.119978
-0.334285,0.043162
-0.371890,0.048809
-0.172788,0.082136
-0.183984,-0.608045
0.025629,-0.807612
0.370731,0.475904
-0.435097,-0.600559
0.620810,0.162118
-0.318413,0.069607
-0.245950,-0.011513
0.344388,-0.002597
-0.342688,0.394803
0.088859,-0.202790
-0.201278,-0.271710
-0.098887,0.318383
0.223608,0.170349
0.516368,0.160528
0.278446,0.268982
0.545359,-0.083059
0.065059,0.591533
-0.266336,-0.684599
-0.293378,-0.101983
0.646613,0.271943
0.014431,-0.431381
0.397668,0.034048
0.829956,-0.004351
-0.224807,-0.020454
-0.333109,0.096635
-0.355730,-0.079963
0.183950,-0.013538
-0.663014,-0.162196
0.391497,-0.326889
0.777911,-0.050832
-0.175001,-0.351060
-0.301985,0.269358
-0.175194,0.283571
0.125426,-0.061911
0.578096,-0.662881
0.199925,-0.637244
-0.389853,0.203615
0.342903,-0.281246
0.449661,-0.357013
0.614394,0.232448
-0.060857,0.189450
0.275660,0.074775
0.292262,0.090140
0.441701,0.102766
-0.241336,-0.224193
0.380189,-0.213084
-0.381974,0.209549
0.152604,0.355957
0.569669,0.053050
-0.653041,-0.357803
-0.267436,-0.217417
0.328763,-0.443472
1.140497,0.482376
-0.080839,-0.099759
0.154027,0.081232
0.657473,0.346629
-0.819060,-0.855056
0.224596,0.411098
0.181977,0.258267
-0.359831,-0.078551
-0.370424,-0.646647
-0.039363,-0.441781
0.071679,0.319962
0.571307,0.428561
-0.232271,-0.297532
-0.340379,0.274622
0.103543,-0.489786
0.553814,-0.169557
0.266669,0.229226
0.172532,-0.113347
-0.090664,0.233835
0.235736,0.014295
-0.321306,-0.252662
-0.286731,-0.455347
-0.402142,-0.743306
-0.589953,-0.283052
0.371571,-0.052637
-0.226116,-0.110982
0.044570,-0.298635
0.522476,-0.087241
-0.041115,-0.233730
-0.521520,-0.296810
-0.316627,-0.774971
0.122832,0.281804
0.223202,0.010892
-0.021300,0.154235
0.483875,-0.130422
0.350727,-0.071055
0.075611,0.781539
-0.541514,0.321223
0.942634,-0.715807
-0.062475,-0.113279
-0.306974,-0.567217
0.460026,-1.023440
-0.186078,-0.419970
-0.961154,-0.082976
-0.340974,0.439402
-0.064261,-0.410164
0.455119,-0.117942
-0.072339,-0.286219
0.844270,0.326085
-0.231300,-0.455340
0.077410,0.743210
-0.333051,-0.277120
0.612247,0.017471
0.027297,-0.025476
0.353102,0.298845
-0.516489,-0.338240
0.340896,-0.061496
-0.519143,0.101331
-1.104947,0.524428
-0.186681,-0.614240
-0.465649,-0.352276
0.198762,-0.467546
0.199321,0.648579
-0.216849,0.329081
0.673196,0.997417
-0.597970,0.732919
-0.859630,0.336377
-0.410326,0.360900
0.416131,-0.015186
0.115706,-0.317028
0.245907,0.342004
-0.837810,-0.068392
-0.055703,-0.402420
0.613753,0.185902
0.158683,0.268875
0.062149,0.066119
0.037491,-0.126065
0.216328,-0.193193
-0.028894,0.015194
0.297552,-0.244384
-0.696755,0.789383
-0.803374,-0.066145
0.391100,-0.305132
-0.437300,-0.245429
0.317832,-0.034213
0.046174,-0.695535
0.244278,-0.148107
0.481554,0.802631
-0.647694,-0.204492
0.120662,0.076249
0.030962,-0.383579
-0.511138,0.020854
0.091121,0.391105
0.087835,-0.410351
0.563596,-0.407926
0.329647,-0.341326
0.221918,0.159089
0.006674,-0.038827
-0.406336,0.010372
-0.155794,0.400722
0.271798,0.235134
-0.083419,-0.254148
0.032415,0.128795
-0.352650,-0.511831
0.028940,0.341808
-0.483442,-0.498267
0.269683,0.042072
0.255498,0.577810
-0.243493,0.012928
0.335524,0.219666
0.411080,-0.495746
-0.597925,0.049182
-0.066603,0.029616
-0.816746,-0.450293
0.051741,-0.356520
0.184955,0.232345
0.039557,0.106231
-0.430251,-0.451829
-0.418038,-0.286244
0.265159,-0.019847
-0.733323,-0.360594
-0.254386,0.107260
-0.454490,0.427178
0.859288,-0.455866
-0.277403,-0.274296
-0.182066,-0.196737
0.734148,-0.850250
-0.251800,-0.130464
0.273340,0.456122
0.257347,-0.233485
0.945346,-0.768615
0.513450,-0.516208
-1.081341,0.454351
-0.009273,-0.200676
-0.453833,-0.729472
0.527520,-0.026102
0.209310,0.316039
-0.239819,-0.067572
-0.078614,-0.108739
0.455926,-0.086431
0.161386,0.218094
0.048169,0.041173
-0.372947,-0.557710
0.084670,-0.270259
0.543239,-0.156913
0.086473,-0.443556
0.318515,-0.054070
-0.479277,0.549834
-0.043576,-0.129105
-0.625317,-0.300152
-0.227780,-0.255299
-0.374060,-0.142425
0.102370,0.505539
-0.214173,0.400100
-0.395831,-0.574660
-0.168914,0.315559
0.288162,-0.296241
0.308017,0.037934
0.789050,0.359924
-0.623819,-0.113142
0.313901,-0.217760
-0.277248,-0.442717
-1.237294,0.010291
0.562319,0.056237
0.372551,-0.001583
0.459795,-0.157955
0.043599,-0.154608
-0.359769,0.132857
0.377499,0.138517
0.441958,-0.421504
0.326695,-0.218894
0.595847,0.397772
-0.821386,-0.714673
0.033531,0.495169
-0.223234,0.525308
-0.016306,-0.156446
0.346676,0.489190
0.316528,-0.139834
0.477878,-0.006463
0.492698,0.252782
-0.274630,0.262568
-0.237757,-0.296652
-0.136719,0.144410
0.092506,0.066408
0.681563,-0.160892
0.905466,-0.227548
0.094961,-0.205997
0.101928,-0.082458
0.634285,-0.101044
-0.159149,-0.467235
0.054817,0.226674
0.007607,0.048612
-0.091955,0.285596
0.181107,-0.078634
0.843912,-0.148974
0.356468,-0.196098
0.430116,-0.008177
-0.574984,0.645875
0.469230,0.332473
0.006582,-0.751833
-0.719231,-0.151706
0.219405,0.680284
0.147671,0.324712
-0.157245,0.422284
0.227636,-0.013244
-0.008744,-1.387140
-0.815156,0.380631
-0.287855,0.521019
-0.532287,0.602717
-0.356950,-0.018512
0.659834,0.269539
-0.341949,-0.221951
0.304645,-0.355805
-0.216656,-0.427547
0.018075,0.095163
0.233962,0.289935
-0.586340,0.439178
-0.171138,0.230211
-0.227689,0.002558
0.179921,-0.132137
0.162311,-0.540147
-0.355942,0.636040
0.841870,-0.443493
-0.648242,0.413965
0.073165,0.212121
-0.412343,-0.032934
0.338562,-0.035999
0.044521,0.823589
-0.514341,0.376544
0.589489,0.491073
-0.569778,-0.012637
-0.159338,0.123423
0.006162,-0.376705
-0.094384,-0.323873
-0.078749,-0.230889
0.807183,0.279554
-0.160078,0.175434
-0.242616,0.063619
-0.055815,0.202874
-0.287134,0.108214
0.034951,-0.358318
-0.044432,-0.219790
-0.391269,0.036902
0.227520,-0.534351
-0.219913,-0.249337
-0.353221,-0.474240
-0.420547,0.167237
-0.019029,0.162388
0.574971,-0.303395
-0.025431,-0.032742
0.175966,0.158412
2.123892,-0.561737
-0.185772,-0.039918
0.187033,-0.977179
0.476978,-0.700347
0.325934,0.238434
0.386786,0.302648
0.490512,0.187841
0.479639,0.455864
-0.543889,-0.328726
-0.447613,0.340829
0.009114,-0.020563
-0.430608,-0.584161
-0.072035,0.205319
0.544915,0.673556
0.198677,-0.321552
0.394259,0.216156
0.770398,0.126439
-0.160385,0.013966
-0.195283,0.358454
-1.131625,0.192900
-0.100344,-0.138827
-0.596769,0.685090
-0.799689,-0.556290
-0.255911,-0.352381
-0.060296,0.022281
0.561642,0.123564
0.058205,-0.116980
0.034631,0.690456
0.313203,-0.180879
-0.614224,-0.525665
-0.047283,-0.594827
0.378388,0.463991
0.517328,-0.178157
0.057930,-0.413780
0.236713,0.581117
0.173780,-0.051903
0.092297,0.639494
-0.309700,0.470977
-0.418245,0.160806
0.313982,-0.005222
-0.139595,-0.049317
-0.542568,0.102992
0.298365,0.009107
0.461208,-0.384450
0.355423,-0.330538
-0.451693,-0.355528
-0.035247,-0.207231
-0.287944,0.250926
-0.569149,0.364420
0.376151,-0.313987
0.479566,-0.041149
-0.227006,-0.461850
0.674805,-0.424593
-0.309683,0.359904
-0.350436,1.037237
0.663080,-0.230443
-0.981738,-0.236273
-0.129661,-0.630094
0.500248,0.048896
-0.391352,0.024970
0.013363,0.165119
-0.045792,-0.505555
0.505475,0.773881
0.557659,0.059094
0.457551,0.190035
-0.326147,-0.027566
-0.042085,0.521099
-0.685793,0.064467
-0.685425,-0.216092
-0.143786,-0.075507
0.213743,-0.371381
-0.249651,-0.103220
-0.279580,-0.499695
-0.204226,0.683324
0.333078,0.220452
0.453816,0.439439
0.141093,0.443232
0.121969,-0.052549
0.188322,0.516957
-0.273983,-0.213119
-0.114496,-0.025987
-0.466321,0.395627
0.284076,0.228730
-0.225600,0.069695
0.176303,-0.102360
-0.051290,0.638610
-0.157938,0.303893
-0.177786,-0.238536
-0.141415,-0.160519
-0.472174,0.801173
0.137172,0.149918
0.242504,0.220227
0.846342,-0.287184
-0.021924,1.349532
0.915793,0.241595
0.462182,-0.236851
0.243931,0.284029
-0.000717,-0.332695
0.021417,-0.348745
-0.096591,-0.112564
0.146224,0.198022
-0.157846,0.604911
0.131195,0.076495
-0.091256,-0.340899
-0.147687,0.834447
-0.048949,-0.185947
0.090416,0.655015
-0.042123,0.517907
0.241476,0.649407
-0.223974,-0.785688
0.157111,0.041256
0.640363,-0.575019
0.338295,-0.142397
-0.311359,-0.399280
0.325036,-0.026422
0.168160,0.082424
0.323484,-0.581097
0.926149,-0.060365
-0.248047,-0.697333
0.358468,0.427043
0.467926,0.044744
-0.231264,-0.277987
0.085819,-0.221184
0.801624,-0.020636
-0.350889,-0.277551
0.339500,0.184058
0.333732,0.200559
-0.191767,0.074519
0.542231,-0.118681
-0.111123,-0.664140
-0.403872,-0.055921
-0.404841,0.694985
0.693236,-0.100077
0.563588,-0.083907
0.017166,-0.103411
0.247721,-0.030593
0.154967,0.186488
0.807998,-0.137877
1.612784,-0.071956
0.148383,0.062753
0.317040,-0.231265
0.155495,-0.004745
0.516988,0.286597
-0.193589,0.036799
-0.340932,-0.059788
-0.306294,0.228487
0.495705,-0.617451
-0.455997,0.294220
-0.238480,0.277209
0.967382,0.160186
-0.592158,-0.079107
0.284653,0.321723
0.605638,-0.093479
0.368104,0.110361
0.145642,0.011997
-0.254725,0.171836
0.124392,-0.209617
-0.005425,-0.187410
0.271485,-0.754894
0.301983,-0.048906
0.201736,0.111447
0.073530,-0.504209
0.423836,0.424977
0.707836,-0.001984
-0.459900,-0.504439
0.213808,-0.001501
0.293086,-0.311238
0.349225,0.046094
-0.881852,-0.698364
0.307148,0.090771
-0.532813,-0.229995
0.398519,0.167244
-0.160465,-0.411135
0.490230,0.129461
-0.326635,-0.103233
0.441720,0.148383
0.219344,0.352733
0.473356,-0.209419
1.081671,-0.457485
0.018600,0.206682
1.292271,-0.059474
0.359380,0.632954
0.066527,-0.804305
-0.413320,-0.353513
0.468070,0.052146
0.126007,0.164003
0.469342,0.071698
0.681113,-0.635315
0.194400,0.334425
-0.362416,0.225116
0.315526,0.005672
-0.752387,-1.200241
1.107942,-0.454202
-0.240489,0.458423
-0.607817,0.664949
-0.667913,-0.178338
-0.047119,-0.287179
-0.179764,-0.063728
0.345066,0.389300
0.601497,-0.342345
-0.146023,-0.480967
-0.396538,0.373238
-0.141521,-0.355682
0.526862,0.186030
-0.394939,-0.323960
-0.097149,0.019404
-0.315092,0.094813
0.002171,-0.002128
-0.715190,0.148119
-0.742991,-0.409659
-0.240267,-0.330268
0.747658,-0.447930
-0.204561,-0.235599
0.196149,0.153426
0.475140,0.168675
-0.712324,-0.027661
0.298399,-0.016863
-0.097722,-0.246216
1.039287,-0.104503
1.040594,-0.626545
-0.077539,0.116330
0.499941,-0.138414
0.273412,-0.278284
-0.053213,0.325672
-0.618543,-0.331430
0.121569,0.748918
-0.281204,0.041028
0.671098,-0.201776
-0.034381,-0.204014
0.240217,0.282725
-0.516414,-0.650516
0.267544,-0.119109
-0.423011,0.279496
-0.218858,-0.028294
-0.726209,0.385073
-0.138195,0.377882
-0.184446,0.247696
-0.587291,0.023906
-0.346129,0.102141
0.314446,-0.014893
0.287540,0.005327
-0.323811,0.020267
0.098972,-0.220092
0.575884,0.050696
-0.225406,-0.463018
0.038941,0.023509
0.535732,0.010191
-0.045555,-0.276932
-0.394064,-0.035024
-0.373938,0.182674
0.035953,0.046157
0.453093,0.015709
-0.466450,-0.242638
0.660625,0.050157
0.004361,-0.308192
-0.594599,-0.259927
-0.319861,-0.278170
-0.190404,-0.344185
-0.104049,-0.417604
-0.145393,-0.070659
-0.252432,-0.179787
0.343768,-0.008736
-0.093262,-0.013113
0.845562,-0.093325
-0.022148,-0.066265
-1.072868,0.960205
-0.222204,-0.326405
-0.493491,-0.209964
0.358065,-0.474951
0.398266,0.137037
0.575958,0.207348
-0.041703,0.105620
-0.619970,-0.669337
-0.034123,-0.673598
-0.659969,-0.401385
-0.578678,-0.692081
-0.232276,0.101033
0.488367,-0.232967
0.135955,-0.094213
-0.323372,0.176844
-0.145773,0.175632
-0.223084,-0.214502
-0.390534,-0.571349
0.720860,-0.885576
0.386391,0.373795
0.778248,-0.093887
0.330751,-0.148436
0.134223,-0.757245
-0.080887,0.207836
-0.065630,0.076033
-0.069011,0.458734
-0.030431,-0.251673
0.178150,0.256820
0.064877,0.659485
-0.308436,-0.231761
-0.698357,-0.103480
-0.790311,0.379587
-0.183613,0.388144
0.186761,-0.291875
0.279153,0.186072
-0.162999,0.950464
0.083768,0.239440
-0.137572,-0.228780
-0.605070,0.036613
-0.186735,-0.594829
0.056507,0.332026
0.680184,0.207875
0.364968,-0.407181
-0.414185,-0.312104
0.466714,-0.122809
-0.613095,-0.266014
0.350517,-0.045617
0.676207,0.189657
-0.210448,0.153245
-0.228502,0.200199
-0.147963,0.354340
0.126839,0.403007
-0.263682,0.130778
0.563315,-0.071727
0.034063,-0.272245
0.632662,0.141530
-0.358311,-0.084069
-0.135309,-0.500090
-0.293549,0.193046
0.152496,-0.486895
0.159476,-0.317804
-0.017641,-0.002347
-0.036733,1.270111
-0.455104,0.065282
-0.500449,0.240656
-0.325679,-0.575854
0.227348,0.156677
-0.173494,0.010048
0.114827,0.131207
0.587258,-0.353520
-1.593910,0.380939
-0.362468,0.212496
0.449615,-0.211078
-0.143696,0.050576
-0.383941,0.148499
-0.905017,-0.232904
-0.758846,-0.301794
0.503374,-0.033128
0.999063,-0.054120
0.271541,-0.173206
0.023444,-0.270827
-0.448836,0.412756
0.120762,0.252027
0.693112,0.317522
-0.398422,-0.338380
-0.315700,0.281863
0.001464,-0.564365
0.255534,-0.499834
-0.258751,-0.271435
0.132132,0.434360
0.492261,-0.045365
-0.122772,-0.322767
-0.218448,0.078663
1.091763,-0.110651
-0.553409,-0.342897
-0.068944,0.105807
-0.190420,0.643031
0.474632,-0.124667
-0.400981,0.009732
0.270987,-0.019151
0.069609,-0.123838
0.200344,0.111699
-0.285863,0.069386
-0.498614,0.101228
0.178579,-0.214309
0.504016,-0.235159
-0.184576,0.288628
0.802614,0.292936
0.647022,-0.024063
0.133257,0.051226
-0.162432,-0.218347
0.331548,0.477680
0.055727,-0.017966
-0.003166,-0.215059
-0.619039,-0.101215
0.339167,-0.195799
0.576442,-0.310605
-0.115350,-0.133361
-0.415719,-0.110140
-0.314427,-0.363087
0.065186,0.688591
-0.040981,-0.437771
-0.655118,0.346004
-0.128541,-0.217467
0.053238,0.165263
0.247352,-0.087850
-0.593205,-0.047052
0.443586,-0.251038
-0.343770,-0.270260
-0.770974,-0.429979
0.036925,-0.462215
-0.589692,-0.187539
0.061990,-0.451229
0.257394,-0.077945
0.021125,0.206511
-0.094865,-0.990409
-0.651791,-0.252703
1.012472,-0.711868
0.696693,-0.154052
0.122299,-0.172634
-0.514959,-0.493014
0.011063,-0.391858
-0.667357,-0.434856
0.340915,0.172539
-0.378107,0.070053
-0.292429,-0.488187
0.514014,-0.454332
-0.286475,0.537146
0.082027,-0.646144
0.214828,-0.170364
-0.216702,-0.004421
0.213683,0.339946
0.603238,-0.222422
-0.543514,0.294082
0.119537,0.232434
-0.621727,-0.492477
0.254875,0.148766
-0.350622,-0.328196
-0.632559,0.061184
-0.115036,-0.175239
0.040766,0.370780
0.431756,-0.024512
0.133648,-0.490605
-0.339438,0.105459
-0.286556,-0.487194
-0.374699,0.140276
-0.035630,-0.134541
-0.262910,-0.130094
-0.229642,-0.138265
-0.162705,0.224653
-0.032497,0.240105
0.348978,-0.402329
0.063176,-0.127030
0.300978,1.374354
0.175028,0.121783
0.139992,0.093408
-0.090756,0.055516
-0.235267,-0.073402
0.343099,-0.460898
0.250531,0.154240
0.386389,0.395654
-0.406500,0.188546
-0.099773,-0.173876
0.561296,0.177309
-0.296759,-0.158296
0.220806,0.942152
0.178597,-0.014648
0.117688,0.234076
0.372216,-0.260119
0.696120,0.192237
0.118637,0.243057
-0.282832,0.146842
-0.158153,0.307711
0.451993,-0.284716
0.113857,-0.181948
-0.577693,0.413814
-0.416921,-0.995212
-0.151216,-0.120124
0.417877,0.057033
0.063913,0.161581
0.583327,0.180213
-0.281723,-0.280716
0.426028,0.355033
0.263168,0.302776
-0.075740,0.093417
0.300978,-0.021933
-0.202311,0.110539
0.427022,0.552385
-0.416898,0.066694
0.421232,0.385820
-0.751366,0.014622
0.314236,0.269061
0.214881,0.405712
0.717130,-0.398566
0.401027,0.033136
-0.149007,0.507881
-0.335063,-0.065199
-0.504923,-0.365777
0.426877,0.038302
-0.008102,-0.248377
-0.322158,-0.299755
-0.239964,0.297422
-0.187639,0.020835
-0.623124,-0.627411
0.435308,0.080061
0.134940,0.557853
-0.473167,-0.293820
0.572304,1.991137
0.029847,0.296924
-0.433352,-0.118314
-0.072433,-0.009098
0.038250,-0.138656
-0.009371,-0.313091
0.219670,0.055033
-0.112231,-0.091277
-1.238993,0.375964
-0.419573,0.544176
-0.080878,0.218591
-0.492872,0.232941
0.237023,0.309979
-0.382772,0.201324
-0.100229,-0.588356
0.564940,-0.137559
0.233525,-0.906007
0.187920,0.060664
0.317198,0.490581
0.204203,0.092966
-0.242321,0.455769
0.317139,-0.002087
0.109321,-0.185295
-0.489946,0.356176
-0.319911,0.063307
0.688767,-0.149816
0.295172,-0.151004
0.813416,0.324396
0.457071,0.133358
-1.153462,0.092756
0.152605,-0.104451
0.129359,-0.352413
0.191899,-0.305624
0.396170,0.147365
-0.435006,-0.583076
-0.051702,-0.651534
0.187685,-0.567809
0.082986,0.317248
-0.232186,0.990637
-0.247687,-0.684103
0.301725,0.364007
0.150724,-0.257076
0.157379,-0.301150
-0.001541,-0.103532
0.412151,-0.363822
0.378339,0.111768
0.335612,0.159053
-0.147146,0.638619
-0.606058,0.027570
0.571293,-0.147141
0.316506,0.249107
0.783755,0.201957
0.430488,0.423537
-0.522271,-0.099588
-0.328720,-0.080998
0.242149,0.085553
-0.644519,-0.579040
-0.277369,0.761527
0.263270,0.166904
0.865850,-0.427939
0.352933,-0.267635
0.279603,0.460261
-0.174675,0.603078
0.189796,0.031575
-0.296001,-0.252915
-0.225295,-0.217600
-0.324670,-0.437693
0.548966,0.028296
0.079951,-0.044094
-0.466456,-0.046895
-0.093550,-0.257237
-0.187293,0.380068
0.179717,-0.035950
0.294967,-0.307040
-0.690056,0.504238
-0.985828,0.523739
0.459205,-0.087650
0.722997,-0.177999
-0.440156,0.122645
-0.368755,-0.401528
0.333749,0.109268
-0.267969,-0.076591
-0.299176,0.104063
-0.637715,-0.172437
-0.337190,0.531354
-0.398287,0.734604
-0.757009,-0.295176
-0.507837,0.037236
-0.292914,0.376237
0.722220,-0.235802
-0.601045,-0.740326
0.373158,-0.118394
0.875635,-0.034481
-0.158693,-0.229220
0.236841,0.056716
0.151592,0.562561
0.331389,0.212826
0.483226,-0.016016
-0.036480,0.438155
0.014363,0.430702
0.107355,0.462377
-0.110129,0.513049
-0.304655,0.647193
-0.079383,-0.508724
-0.076510,-1.159988
-0.542077,0.682179
-0.497323,0.574959
-0.149371,-0.160892
0.171403,0.111082
-0.203331,0.013200
0.048413,-0.032300
-0.316457,0.232363
-0.414222,-0.146534
0.430212,-0.273966
-0.283247,-0.495826
-0.392789,-0.428187
0.288835,-0.042649
-0.160674,-0.477244
0.029174,0.296039
-0.315924,0.262641
-0.635549,0.120718
-0.520027,-0.158787
-0.275064,0.569300
0.737907,-0.512169
-0.670377,-0.325104
-0.284375,0.145068
0.773761,-0.168017
-1.182568,0.072091
0.072249,-0.567125
0.582153,-0.083015
-0.532916,0.125811
-0.030534,0.109876
-0.524730,0.102129
0.206363,0.522589
0.698135,0.152773
-0.267253,-0.355339
-0.071399,0.282673
-0.416327,-0.512639
0.011460,-0.230120
-0.248924,-0.315722
0.112834,0.039221
0.117723,-0.550129
-0.181754,-0.178990
-0.168401,-0.086670
-0.386880,0.575944
-0.238475,0.379506
-0.414043,0.063028
0.261181,-0.384487
0.022343,-0.306698
0.307551,0.653055
0.149269,0.010690
0.314005,0.195774
-0.359826,-0.112894
-0.353932,0.099506
-0.433591,-0.286186
0.498355,0.196037
-0.073843,0.657233
0.095147,0.308706
0.880328,0.269102
0.453417,0.086352
-0.667933,-0.494200
0.495625,-0.372537
-0.084650,0.287204
-0.423291,0.660732
0.593450,0.242655
0.176349,0.414318
0.136955,-0.243145
0.744657,0.086401
0.054721,0.219023
0.071325,0.320052
0.149496,0.156714
0.331212,-0.274748
0.175498,0.585298
0.090955,-0.101234
0.037123,-0.188975
-0.146134,0.205737
0.439010,-0.264684
0.301846,0.196653
-0.779304,0.116167
-0.061758,0.626575
0.173805,0.049749
0.256009,0.315310
0.306876,0.103002
0.186633,0.137819
0.123288,0.048986
-0.408309,-0.220503
-0.241983,-0.392779
0.239105,-0.002549
-0.165965,0.123748
-0.010837,-0.446652
0.556002,0.257818
0.392600,0.140464
0.007916,-0.528907
-0.389673,-0.106820
-0.041907,-0.428592
0.249041,0.599975
-0.817873,-0.107732
-0.215022,0.015232
-0.102183,0.438480
-0.484037,0.332859
0.166059,0.541388
-0.173097,0.074230
-0.116235,0.629522
-0.421890,-0.228115
-0.508510,0.202974
-0.218346,-0.214353
-0.795383,0.237374
-0.070040,0.152256
-0.648698,-0.585832
-0.427987,0.519039
-0.316478,0.021122
-0.454771,-0.511211
-0.001986,-0.253357
0.094921,-0.801516
0.288815,0.031097
0.326628,-0.880276
0.265416,-1.202260
0.612772,-0.989440
-1.082321,0.381773
0.527602,-0.310177
-0.204351,0.518927
-0.220208,0.875712
-0.167049,0.757967
0.178069,0.456444
0.054044,0.381970
0.144323,0.214200
0.037098,0.129642
0.126028,-0.444842
-0.160709,-0.285311
0.128251,0.007321
-0.077830,1.517990
-0.372549,-0.765789
0.343732,-0.082669
0.455756,0.184718
-0.790998,-0.479264
0.209581,0.913210
-0.635743,0.106730
0.008097,-0.097688
0.362440,0.111025
-0.263146,0.714309
-0.066866,-0.613990
0.325984,0.749577
-0.779652,0.786001
0.093000,0.529498
0.254092,0.238181
0.455924,-0.506630
0.134664,-0.691414
-0.237022,-0.364935
-0.335666,0.405159
-0.504068,-0.612535
0.402064,-0.057348
0.062087,-0.110956
-0.858682,0.061798
0.406433,0.283702
0.347479,0.482453
-0.250930,0.176033
-0.008475,-0.507390
-0.977169,0.077890
-0.753568,0.036779
-0.079062,-0.080935
0.409201,0.249297
0.255150,0.387947
0.623005,-0.497683
-0.429227,-0.061645
0.853287,-0.255859
0.424803,0.434826
-0.547358,-0.095060
-0.804609,0.073806
-0.129102,0.032278
0.224793,0.771842
-0.620614,-0.081349
0.124930,0.403973
-0.255623,0.281239
0.178738,0.257103
0.008760,-0.386870
-0.271731,0.063965
-0.547002,0.554755
0.248750,0.551908
0.337601,0.070525
0.405881,-0.268845
-0.059529,0.576241
-0.013814,-0.036874
-0.155545,-0.496507
0.699973,-0.252884
-0.633243,-0.069061
-0.382945,-0.619715
0.645666,0.031532
-0.027883,-0.338442
0.259428,-0.155340
0.256924,-0.568590
0.212355,0.080432
0.161353,-0.366307
0.412912,-0.150864
-0.267766,-0.630884
-0.935890,0.607290
-0.067872,0.114553
0.179769,-0.653682
0.191726,0.426778
-0.157363,-0.408690
0.049396,0.123035
-0.400206,0.128120
0.386339,-0.112162
-0.647349,0.254136
-0.129895,0.556573
-0.250620,-0.158092
-0.169503,0.418588
-0.314282,-0.146703
0.166931,0.341099
0.183697,0.207687
-0.638917,-0.077690
0.514303,-0.115182
0.355110,-0.083228
0.342867,0.101322
-0.951506,0.327851
0.057460,0.521634
0.123138,-0.078063
0.398181,0.168325
0.118487,-0.268850
0.849338,0.146844
0.037175,-0.043038
-0.301366,-0.167819
0.113017,0.269873
0.395719,0.045996
-0.570309,-0.052657
-0.275190,0.598461
0.088154,0.223746
0.780935,-0.389343
0.103700,0.210651
-0.333676,0.213736
0.261484,-0.424426
-0.494988,-0.217206
0.327743,0.069005
-0.166569,0.080821
-0.045881,0.131133
-0.396098,-0.238684
-0.428609,0.112079
-0.180369,0.155828
-0.529718,-0.514556
-0.490714,-0.240841
0.385415,0.161448
0.110894,0.361607
0.236562,0.023402
-0.116203,-0.583832
0.284080,0.257093
-0.553331,0.759951
-0.125692,0.463162
-0.255609,0.168849
-0.105455,-0.330556
0.087044,0.158021
-0.438917,-0.210964
-0.376339,-0.764556
0.039570,0.598923
-0.304894,-0.113098
0.124476,0.325189
-0.107154,-0.397785
0.360267,0.005287
0.553177,0.290999
0.150129,-0.066653
-0.288384,0.635617
0.372075,0.381670
0.142500,-0.317159
0.026789,-0.157229
0.618617,0.204688
-0.160270,-0.004471
-0.085657,0.031801
-0.011124,0.003865
-0.192274,-0.069952
0.175933,0.137418
0.389349,0.069393
0.106932,0.425610
-0.351705,0.163005
0.376135,-0.125769
-0.584494,-0.462595
0.229822,-0.142411
0.356540,0.071337
-0.407326,-0.485291
-0.239724,0.118702
-0.520387,0.013326
-0.072729,0.462358
0.819764,-0.862572
0.689948,-0.348011
-0.323686,-0.142328
-0.189134,-0.056783
-0.055043,0.407468
-0.055647,0.706748
-0.554723,0.172706
0.273507,0.205802
0.159953,0.034954
-0.300808,-0.348909
0.061165,0.101589
-0.254322,-0.334716
-0.537940,-0.139731
-0.307102,-0.040658
-0.244789,0.097553
0.728145,0.064078
-0.402912,-0.166860
0.007980,-0.090478
-0.466271,0.064976
-0.455245,-0.333902
0.659475,-0.235663
-0.553068,-0.351865
0.225091,0.111927
0.086407,0.039788
0.205456,0.219052
-0.027232,-0.051833
0.310501,0.054820
-0.113295,0.240085
-0.281226,0.132284
-0.647895,-0.086769
0.253861,0.504645
0.533944,-0.584759
0.285023,-0.089511
0.831415,-0.417990
-0.404316,0.096788
0.255357,0.083667
-0.365253,-0.171719
-0.277015,0.317599
-0.112961,0.432657
0.049447,-0.000541
0.027561,-0.070454
-0.244929,-0.376119
0.280429,0.159212
0.015623,-0.335838
-0.258983,0.597080
0.809257,-0.529851
-0.138880,-0.424993
0.653281,-0.166190
-0.541889,0.244596
0.015995,-0.325762
-0.675566,-0.370845
-0.162106,0.315784
0.052424,0.160812
-0.165163,-0.436134
0.166059,0.053045
-0.015624,0.318679
0.279114,0.667501
-0.146456,-0.024253
0.080448,0.002548
-0.214980,-0.397408
-0.495668,-0.237450
0.317037,0.177011
0.265776,0.717766
-0.386180,-0.457678
-0.314965,-0.088887
-0.662876,0.511515
0.279948,0.072218
-0.186908,-0.219626
-0.331512,-0.016034
-0.563962,-0.365178
-0.226676,0.767441
1.144362,-0.437456
-0.163684,0.743633
-0.484012,-0.276287
0.097277,-0.095436
0.385460,0.294414
0.026846,-0.110000
-0.451346,-0.356319
0.015818,-0.157906
0.465249,-1.011997
0.281054,-0.105699
0.421817,-0.302055
0.307575,0.231489
-0.552038,-0.578240
-0.314539,-0.285556
0.140140,0.080034
0.237874,0.049327
-0.226806,0.526795
0.061131,0.135807
-0.375557,0.327157
-0.694152,-0.284826
-0.324652,-0.512528
-0.459866,-0.340787
0.307856,0.684390
0.564340,0.532861
-0.466075,-0.012329
-0.144580,-0.076405
-0.209463,0.358794
-0.057872,0.259813
0.249214,0.444780
0.080329,0.414032
-0.036985,0.178977
0.142489,-0.271173
0.503584,0.507260
-0.265132,-0.922389
-0.025443,-0.181593
-0.287362,-0.113679
0.236651,-0.120303
-0.032184,-0.131385
-0.713813,0.329284
0.102536,0.042469
0.196511,0.298426
-0.136788,-0.489852
0.281455,-0.493823
-0.851100,0.053171
0.024914,0.103038
-0.399760,-0.130417
-0.678103,0.511344
-0.291250,-0.288842
-0.840714,-0.176940
-0.147346,0.407154
-0.457982,-0.008365
0.164718,-0.118662
-0.619911,-0.351649
-0.494252,-0.026878
-0.167501,0.673894
0.314856,0.177438
-0.464681,-0.278235
-0.580598,0.159592
0.000463,-0.041180
-0.463764,0.110145
0.729759,-0.049585
-0.051660,-0.819759
-0.228984,0.353092
0.120995,0.097224
0.049999,0.102667
0.430987,-0.787493
-0.321392,0.331527
0.321543,-0.460438
0.214161,-0.489921
-0.224219,-0.097166
0.352356,-0.396125
-0.412918,-0.140707
-0.340592,0.099323
-0.216453,0.032990
0.247159,0.089504
0.513036,-0.083213
-0.536271,0.190249
0.400905,0.159106
-0.996533,-0.479414
-0.527641,0.346352
-0.034237,0.341434
-0.135565,0.092386
-0.599754,0.127810
0.685492,0.274969
0.216282,0.078610
-0.039843,0.481011
-0.304746,-0.281930
0.143254,0.671740
0.395447,-0.229873
0.667884,-0.548317
-0.494418,-0.130325
-0.084810,-0.266832
-0.113413,-0.151765
0.009444,0.187969
-0.150635,-0.324960
0.054095,-0.138215
0.133324,-0.262246
0.248225,0.215626
0.400990,-0.494711
-0.409444,-0.529346
-0.141579,-0.056546
-0.185366,-0.166778
0.282442,-0.037749
0.636466,-0.263842
-0.268259,-0.336979
-0.958107,0.508039
0.871659,-0.208085
0.283680,0.063583
0.168555,-0.121507
0.356366,0.117950
-0.298543,0.288150
-0.696406,0.051003
0.072682,0.170645
0.605839,0.178278
-0.119196,0.063144
-0.209044,-0.363267
-0.232572,0.006910
0.827408,-0.149893
0.326885,-0.155133
0.444088,-0.112183
0.196987,-0.266250
-0.175623,-0.115179
0.109192,0.066622
-0.459961,-0.316176
-0.542642,-0.360288
0.735151,-0.050504
-0.791397,0.309158
-0.219722,-0.417626
0.354200,0.181175
-0.411488,0.165715
-0.826065,-0.017474
-0.097188,0.254879
0.213654,0.906158
-0.399421,0.045488
0.549967,0.282246
-0.354241,-0.114438
0.080005,-0.110596
-0.292661,-0.322412
-0.378864,0.188357
0.286977,-0.464727
-0.415701,0.044493
-0.109601,0.394127
-0.183419,-0.258879
-0.436917,-0.507020
0.208978,0.347698
-0.058484,0.177209
0.391568,-0.225768
0.312226,-0.147103
0.464349,-0.052723
0.103585,-0.422613
-0.531949,0.236921
-0.113364,0.323939
0.445777,-0.201060
-0.749566,0.355120
-0.003202,0.280178
0.061101,0.612370
0.429054,0.189181
-0.411079,-0.881813
0.307249,0.495960
-0.276711,-0.248451
-0.592799,-0.119841
-0.553038,-0.343821
0.087275,0.338729
0.352234,0.119915
-0.119057,-0.017931
0.273272,0.325740
-0.164915,-0.487520
0.465998,-0.539011
0.207183,0.013635
0.117248,0.457217
-0.189423,0.081777
-0.205316,0.020892
-0.404461,0.861766
0.178177,-0.267661
-0.389371,-0.173472
-0.210527,0.397749
-0.563828,0.323635
0.321479,-0.136050
-0.482076,0.081420
-0.458854,-0.023420
-0.547738,0.031782
0.348503,0.147790
0.155134,0.102363
-0.542475,-0.451782
0.059235,0.238408
-0.190962,-0.184593
0.594579,-0.590954
0.459402,-0.259821
-0.242246,-0.247769
0.043503,0.184253
-0.451102,-0.571062
0.595112,0.138878
-0.446832,-0.472082
-0.402558,-0.153134
0.162444,0.177157
-0.563767,-0.226148
-0.454238,-0.100983
0.182248,0.239501
0.051774,0.646150
-0.392746,-0.355810
-0.087743,-0.363585
-0.945934,-0.508186
0.113155,-0.350471
0.129047,-0.111450
0.118309,-0.247627
-0.223837,0.478718
0.187533,0.072060
0.522047,0.350450
0.315613,0.480265
-0.115781,0.309022
-0.071846,-0.182260
0.327257,-0.204209
0.452963,-0.136277
0.451371,0.376945
-0.169212,-0.022884
0.394962,-0.380854
0.022906,0.252420
0.014441,0.422871
0.360813,-0.283400
0.265975,-0.264419
0.474532,0.249255
0.399802,0.361116
0.336509,-0.425812
0.041212,-0.060903
-0.043236,-0.467701
-0.158532,-0.358028
0.024535,0.387871
-0.412330,0.177457
-0.137460,-0.008730
0.057308,0.048665
-0.074397,-0.255969
-0.249447,0.206895
0.259145,0.024814
-0.269853,-0.062510
-0.225522,-0.443153
-0.251304,0.284410
-0.527262,-0.362705
0.104148,-0.808676
-0.006190,-0.702819
-0.265469,-0.272601
-0.373196,-0.259786
-0.295790,0.563736
-0.511960,0.326701
-0.539444,0.190265
-0.120379,-0.358301
-0.077862,0.308256
0.206103,-0.386793
-0.578297,-0.163323
-0.051259,-0.515777
-0.302098,0.096404
0.070203,0.198016
0.533071,0.170608
0.188576,-0.143612
-0.142700,-0.504522
-0.690421,0.032017
0.149381,0.139127
-0.264384,-0.304653
-0.275453,0.635641
-0.003231,0.620183
-0.238915,0.083474
0.040035,0.119665
0.067646,0.052959
0.603395,-0.183082
0.402634,-0.044477
-0.242673,0.584884
-0.153917,0.090101
0.455195,0.124129
-0.699580,-0.064283
0.013894,0.020621
-0.700540,-0.530818
0.297712,0.326799
-0.364208,0.585352
0.509604,0.134516
-0.564280,0.578132
-0.679296,0.723076
0.120321,0.298775
-0.038486,-0.091305
-1.511560,0.437897
0.572194,0.145667
0.090119,0.154627
-0.273493,-0.108941
0.348918,0.652463
-0.533646,0.544831
0.214574,0.117169
-0.617608,-0.420834
-0.495375,0.227800
-0.262146,-0.322145
-0.036113,0.098453
-0.740487,-0.449252
-0.680328,-0.072500
0.076783,0.033674
0.234196,-0.146633
-0.407430,-0.259873
0.030780,-0.161174
-0.372658,0.606011
-0.396150,0.175089
-0.483381,-0.107660
-0.380898,-0.731513
-0.404800,-0.296544
-0.162621,0.209890
-0.477315,-0.043250
-0.131005,0.519285
-0.041384,-0.262970
-0.055143,0.285014
-0.431583,0.706680
-0.019550,0.337255
-0.269419,0.117536
0.150886,0.096282
-0.248011,0.381473
-0.285549,0.214538
0.204857,0.037802
-0.006449,-0.333085
-0.890215,0.251522
0.009779,0.042614
-0.384478,0.389805
-0.069092,0.057489
0.023254,-0.055160
-0.324854,0.080952
-0.211409,0.144713
0.570337,-0.736114
0.243986,0.009554
-0.222618,0.332695
0.160376,0.303316
0.385975,0.025073
0.311514,0.084332
0.766206,0.121635
0.049756,-0.182920
-0.351423,0.086070
0.331081,0.567412
0.200540,0.154756
-0.337971,-0.464472
-0.797393,0.098514
0.357700,0.320925
-0.233646,-0.054456
0.070693,0.365480
0.434973,-0.416529
0.098727,-0.082672
0.160827,0.212725
-0.044662,0.462242
0.296292,0.314957
0.567502,-0.293677
-0.394763,0.385366
-0.719498,0.309850
-0.036650,-0.367006
0.067825,0.340191
-0.279172,1.110047
-0.119819,-0.203070
-0.067056,-0.228221
-0.049799,-0.024902
-0.158942,-0.095306
-0.459811,-0.668344
-0.135361,0.544574
-0.315899,1.281083
0.184716,0.000238
0.831234,-0.400887
-0.424156,0.134794
-0.356916,0.036858
-0.072215,0.456720
0.289020,-0.326510
-0.316474,-0.152971
-0.677820,-0.479917
-0.091708,0.301098
0.595852,-0.279739
-0.504664,-0.128695
0.029274,0.031145
0.470465,-0.426687
0.094878,0.225315
0.174690,0.070827
0.394005,0.149356
-0.514284,0.451474
-0.582931,-0.401332
0.153772,0.741303
0.228838,0.090411
0.144475,0.105330
-0.067465,-0.687312
-0.669669,0.229762
0.740625,-0.691963
-0.386368,-0.366607
-0.105345,-0.486550
0.132045,0.030013
0.239759,0.176072
1.009109,-0.566666
0.339869,-0.165642
-0.021226,0.006169
-0.216250,-0.139623
0.178069,-0.168305
0.361139,0.619955
-0.114908,-0.026771
0.094656,-0.489844
-0.538113,0.188230
0.101486,0.467399
0.199861,-0.047026
-0.263346,0.763673
-0.266709,-0.227132
0.804576,-0.204099
-0.262656,-0.067463
0.666874,-0.261168
0.358906,-0.339497
0.656630,-0.139553
0.269720,0.215163
-0.022682,0.099646
0.259656,-0.383783
0.130277,0.530044
-0.315481,0.502552
-0.196042,0.792261
0.146980,-0.167189
0.136608,0.781542
-0.044875,0.124339
-0.446336,-0.561086
-0.251760,-0.136764
-0.684047,-0.132343
0.134748,0.264023
-0.729800,-0.095209
0.497952,0.265748
0.392120,0.108397
0.381784,0.019731
0.438560,-0.056395
0.272066,-0.011826
0.569567,0.040385
0.024376,-0.399836
-0.140273,-0.260058
-0.244206,0.569406
0.106600,0.091543
0.169168,0.112365
0.374221,0.495643
0.368513,0.278679
0.258692,0.116249
-0.106712,0.674740
-0.247265,0.128990
0.067537,0.006988
0.147366,0.271394
0.386025,0.323487
0.240959,-0.023760
-0.294840,-0.045478
-0.249950,0.599786
0.234018,-0.079900
0.218083,-0.186999
0.053174,0.288856
-0.252516,-0.186607
-0.343658,-0.118228
-0.464707,-0.350136
0.047970,0.087781
0.371812,-0.013413
-0.162436,0.406573
-0.281721,0.451063
0.312833,-0.280426
-0.542296,-0.473573
-0.083665,-0.392622
0.363897,-0.027651
0.216428,-0.263123
-0.221959,-0.288419
1.032667,-0.332916
-0.177717,-0.023030
-0.812202,-0.288494
0.169245,-0.049255
0.171259,-0.077954
0.272788,-0.007991
0.181192,-0.042622
-0.281689,-0.160966
0.436695,-0.056789
0.173793,-0.094795
-0.352133,-0.355523
-0.722808,-0.199480
-0.131721,0.001671
-0.001629,-0.060488
-0.240412,0.045987
-0.391621,0.351681
0.220583,0.278215
0.541233,0.242267
0.024052,0.024233
-0.370462,-0.467525
0.385327,0.228382
-0.246557,-0.542418
-0.929516,0.153535
0.335867,0.519839
-0.038474,0.315019
-0.074913,0.353516
-0.610521,-0.783326
0.354451,0.131765
-0.426251,-0.101368
0.327263,-0.146634
-0.479281,0.152897
0.056088,0.114060
-0.745510,0.159539
0.264724,0.230173
1.126868,-0.066700
-0.440056,-0.027377
-0.378374,0.015467
-0.421291,0.215731
-0.361851,0.052382
0.251225,-0.143183
0.431071,-0.402750
0.093281,-0.025199
-0.116750,-0.049090
-0.320417,0.095143
-0.074209,0.346451
-0.446371,0.142969
0.023696,-0.185421
0.301867,0.064888
-0.373437,-0.405278
0.147396,-0.134140
-0.094009,0.008076
0.248406,0.378327
0.221182,1.149109
-0.044090,0.315037
0.203303,-0.028110
-0.298648,-0.177962
0.402636,-0.040182
-0.409000,-0.477963
-0.307934,-0.468732
-0.416222,0.060244
0.160871,0.403868
-0.034403,-0.505310
-0.451525,-0.073020
-0.372480,0.376956
-0.055090,-0.246954
-0.342754,-0.473027
0.248422,-0.038209
0.386734,0.007629
0.254857,-0.515872
-0.182426,0.231509
-0.161518,0.581723
0.287186,-0.452359
-0.074068,0.094118
0.217176,0.154389
0.140695,0.140314
-0.018827,0.177889
-0.247522,0.108458
0.834719,-0.265064
0.379370,0.183585
-0.101967,-0.109642
-0.343313,-0.046362
-0.223284,0.780290
0.103806,0.742908
0.071113,-0.298587
0.060547,-0.219695
-0.049842,-0.313369
-0.079848,0.660829
0.517552,0.064463
0.429014,0.041971
0.013125,-0.240870
-0.082525,-0.204324
0.457848,0.102050
-0.213463,0.358826
-0.070831,-0.425322
-0.156612,-0.667796
0.453500,-0.559982
-0.456154,0.109233
-0.301368,0.068270
-0.259835,-0.583917
0.654625,-0.260618
0.015682,0.155337
-0.189943,-0.169476
0.244528,-0.332648
-0.578955,-0.313234
-0.054114,0.577943
0.486541,-0.165941
-0.301068,0.394670
0.667668,0.073311
0.617127,-0.138454
0.480765,-0.471669
0.221041,-0.010324
0.479211,-0.215613
-0.574442,0.752217
-0.055091,-0.466912
-0.096965,0.250287
0.095190,0.239537
0.317991,-0.353014
-0.049145,0.474898
-0.584198,0.079319
0.438519,-0.085071
-0.272979,0.088030
0.319126,-0.363632
0.280685,0.086443
-0.203826,0.551488
0.528554,-0.131984
0.169509,0.249967
-0.252232,0.557136
-0.606071,-0.183457
-0.523311,-0.256680
0.428856,-0.157515
-0.174676,0.259832
-0.048798,0.714408
-0.202493,0.417810
-0.154785,0.501661
0.554061,-0.200317
-0.223560,0.247415
0.125120,-0.447644
-0.847811,0.631178
-0.098802,0.575004
-0.247884,0.421366
-0.676065,-0.494998
-0.181120,0.323188
0.130705,-0.017201
-0.129433,-0.842573
-0.907159,-0.186363
-0.343725,0.281727
0.066822,0.612636
-0.428556,0.289037
-0.355968,0.092561
0.000841,0.519123
-0.349678,0.144982
-0.125902,-0.667983
-0.370487,0.057800
0.371957,-0.228886
0.129076,-0.307213
-0.532144,-0.359306
-0.467146,-0.281374
-0.183338,0.247855
0.750300,-0.092752
-0.247510,-0.163230
-0.022433,0.045965
0.203494,0.337303
0.261514,0.658646
0.280428,0.478204
0.085660,0.659425
0.017202,1.009284
-0.199909,-0.004948
-0.093537,0.629800
-0.538400,-0.380007
0.248613,-0.096279
0.098060,-0.217453
0.323000,-0.093115
-0.167131,-0.525798
0.477600,0.099463
-0.455141,-0.157726
-0.055056,0.337939
-0.095313,0.443799
0.271657,0.530282
0.093098,0.490212
-0.349840,-0.148590
-0.112558,-0.437844
-0.276615,-0.630551
-0.305783,0.120466
0.370992,0.127902
-0.053636,0.284796
0.350097,0.410358
0.382376,0.402005
-0.205627,-0.215488
-0.612875,0.428286
-0.004255,0.626243
0.415359,0.243436
-0.167744,-0.045237
0.545910,0.021351
-0.386285,0.026036
-0.065406,0.756428
0.500219,0.211917
-0.102940,-0.397103
0.182350,-0.047090
0.281783,-0.095749
-0.119315,-0.515399
0.433506,-0.147269
0.118974,0.166282
-0.315040,-0.293294
-0.550382,0.466769
-0.702376,-0.185945
0.189172,0.140283
0.104792,0.397823
-0.595944,0.462169
-0.050283,-0.640906
0.170465,0.438138
-0.082337,-0.164451
0.042190,-0.544281
-0.066646,0.151020
0.130682,0.435223
-0.373661,0.042971
-0.329426,0.084084
-0.329403,-0.379688
0.149811,-0.113436
0.036400,-0.184143
-0.369038,0.246661
-0.028935,0.080941
-0.045017,-0.130675
0.118254,0.611155
-0.218200,0.061901
0.081500,0.103222
-0.423470,-0.392239
-0.412869,-0.182601
0.040146,0.264294
0.045621,0.673114
0.160322,-0.174971
0.248761,0.004216
-0.038906,-0.026458
0.326720,-0.116156
0.570539,0.108514
-0.113277,-0.404664
-0.347779,-0.242727
0.077644,-0.030208
0.466979,-0.047603
-0.340157,-0.037121
-0.175535,0.165529
-0.128620,-0.328187
0.390428,0.468379
-0.119582,-0.006902
-0.197178,0.149057
0.204899,0.342791
-0.388467,-0.049929
-0.489074,-0.018442
-0.025511,-0.472594
-0.371621,0.396571
-0.220815,0.098538
0.215108,0.207634
-0.162173,-0.221571
-0.108813,0.021302
0.396603,0.195087
0.282903,0.056568
0.495558,0.091005
0.286982,0.073998
0.237682,0.600160
-0.083445,0.557446
-0.373988,-0.118960
-0.181225,-0.027276
-0.299258,-0.202712
0.399218,0.421383
-0.275839,-0.218061
-0.508219,0.096529
-0.320720,0.245257
-0.363124,0.246339
-0.237916,0.095478
0.367126,-0.182526
0.085056,0.747126
0.137425,-0.299344
-0.055407,0.006141
-0.372796,0.164950
-0.247788,0.047841
0.181751,-0.135303
-0.567813,-0.072335
0.212484,0.100410
-0.166922,0.280578
0.428933,0.194596
-0.614543,-0.225734
-0.382396,0.243467
0.386536,-0.076976
-0.494084,-0.109399
0.332630,-0.037643
-0.113100,0.120708
-0.716421,-0.223443
0.268719,0.012442
0.563920,-0.017169
0.078307,-0.033127
0.694772,-0.373936
-0.577977,-0.436667
-0.100710,0.077905
-0.004954,-0.269565
-0.601679,0.094710
-0.031045,0.083933
-0.104323,-0.301250
0.190573,0.275048
0.145412,0.180431
0.199722,0.369539
0.131527,-0.170574
0.268180,-0.114070
-0.258692,-0.153133
0.085285,0.023989
0.156784,0.389420
0.619750,0.165574
-0.115318,0.056949
0.083865,0.083546
0.303413,0.489927
-0.217916,0.417200
0.115350,0.250663
-0.062870,0.201965
-0.062038,-0.095192
0.402066,0.034376
0.117364,0.076926
0.363705,0.211104
0.082044,0.229785
0.266959,-0.364327
0.331855,0.080911
-0.563966,-0.318250
-0.548710,-0.003096
0.373181,0.263341
-0.294685,-0.022098
0.148595,-0.145119
-0.133918,-0.741629
0.216420,0.204233
-0.502956,0.074946
-0.047422,0.668185
-0.058452,0.376935
-0.061032,0.244682
0.110702,0.844324
0.316816,-0.272542
0.315614,0.459161
-0.464887,-0.101532
0.311549,0.062873
0.438107,-0.075113
-0.097852,-0.279864
0.218760,0.186052
0.473654,-0.313478
-0.224475,-0.444560
0.104589,0.171264
-0.023057,-0.055011
0.370114,0.362574
0.481179,0.012761
-0.244908,0.542940
-0.435139,0.055960
-0.887250,-0.195369
0.102746,-0.335610
0.094983,-0.088365
-0.473339,0.325321
-0.365463,0.366099
-0.277760,0.013324
0.481845,0.137986
-0.287227,-0.405710
0.095040,-0.167885
0.371255,-0.405004
0.073901,-0.259998
-0.224111,-0.176236
-0.115888,0.082975
0.498966,-0.046295
-0.520219,-0.119293
-0.297710,0.281519
-0.052842,0.112282
0.531545,-0.183605
0.152507,0.637451
0.359369,0.380783
-0.470029,-0.219407
0.035522,0.201402
-0.117632,-0.314385
-0.547022,-0.282318
-0.469144,0.031947
0.016095,0.813099
0.297887,0.344333
0.260682,-0.104028
-0.052422,0.614188
0.954454,-0.361823
0.014031,-0.397797
0.635782,-0.235741
-0.573856,-0.206662
0.298941,-0.093058
0.010657,0.194136
0.598490,0.186325
0.067673,-0.114496
0.814407,-0.165319
-0.536791,-0.116042
-0.464970,-0.176650
0.154990,0.666040
0.193203,-0.233817
-0.018925,0.590479
-0.188048,0.008858
0.049783,0.163403
0.137698,-0.100670
0.443139,0.037549
0.482640,-0.850660
0.535768,-0.140316
-0.167319,-0.129616
-0.212893,0.537915
-0.221198,-0.325187
-0.089378,-0.146310
0.300971,-0.235474
0.407653,0.457153
0.282412,-0.011714
0.554083,-0.468935
-0.162656,-0.236038
0.152557,0.418166
-0.491972,-0.094970
0.486333,-0.030967
0.163983,0.381274
-0.814281,0.112829
-0.027061,-0.598612
0.003860,-0.436674
0.048538,-0.128179
0.089185,0.500639
-0.345312,0.062251
0.296651,0.589527
0.241449,0.305783
-0.399587,-0.276078
0.235500,0.316609
-0.047894,-0.004661
-0.165229,-0.222818
-0.176487,0.158710
-0.109935,-0.506555
0.359310,0.006564
0.219414,0.144964
0.104346,0.214337
0.267902,0.008937
-0.284690,-0.045812
-0.250101,0.337651
0.269988,-0.201610
-0.276498,0.770396
0.766934,-1.100971
-0.588450,-0.036912
-0.179300,0.048790
-0.284314,0.634062
-0.046323,0.569874
0.232520,-0.323004
0.532429,0.196508
-0.534463,0.278615
0.020309,-0.289101
0.319182,-0.101862
-0.271028,-0.179638
0.367427,0.008890
-0.073357,-0.008423
0.464291,-0.133531
-0.407879,-0.005724
-0.107946,0.380436
-0.191951,-0.523397
0.535350,-0.238838
-0.100346,-0.357594
-0.196721,0.138137
0.880113,-0.435365
0.357575,-0.003217
-0.299018,-0.471439
-0.488652,0.598687
-0.159573,0.019039
0.185456,0.185832
-0.263665,-0.193004
-0.287037,-0.324816
0.096921,-0.047369
-0.194463,-0.527396
-0.491201,-0.040113
-0.015130,-0.314436
-0.665504,0.516528
0.190832,-0.037075
0.053526,0.023090
-0.243207,0.009261
0.889701,-0.506611
-0.325266,-0.319580
-0.324852,-0.211766
0.397445,0.031304
-0.006736,-0.557345
-0.345912,0.255726
0.332647,0.036366
0.886955,-0.156913
-0.128756,-0.078042
0.008841,0.042100
-0.070836,0.009155
-0.056639,0.212215
0.524327,-0.010459
-0.025145,0.144453
-0.313376,-0.178136
-0.557448,-0.451356
-0.050016,0.073637
-0.145156,-0.062932
-0.466715,0.192761
0.264317,0.020006
-0.406121,0.184433
-0.636294,-0.050598
-0.140214,0.195024
-0.057380,0.182251
-0.038059,-0.163794
-0.086467,-0.190852
-0.286344,-0.243237
-0.059501,0.210444
0.626325,0.180769
-0.863297,-0.081836
-0.189883,-0.074437
-0.580294,0.310952
0.205441,0.301830
-0.131138,-0.489804
0.498927,0.168878
-0.141767,-0.278167
-0.219405,0.007161
-0.453057,0.236607
0.575987,-1.293483
-0.352876,-0.354438
0.301572,0.387799
0.291843,0.153553
-0.438679,0.402472
-0.180698,0.583515
0.061273,-0.039795
-0.171201,-0.312617
-0.356963,0.043445
-0.255303,0.115249
-0.105926,0.297646
-0.259292,-0.390701
-0.862239,0.395406
-0.054146,0.474494
0.112892,-0.109098
0.213337,0.000113
-0.168041,0.270427
-0.746951,0.591853
0.426110,0.517071
0.392810,0.050608
0.362269,-0.437941
-0.165600,0.562952
-0.039138,-0.039407
0.086068,-0.133998
-0.276322,-0.009972
-0.059582,0.358611
0.017228,-0.698353
-0.347297,-0.311629
0.391067,0.666417
-0.808944,0.596860
-0.001996,-0.193959
0.136711,0.157845
0.083036,0.295754
0.258141,0.279755
-0.282629,-0.241953
-0.234518,0.107238
0.035516,0.992961
0.135987,0.831615
0.462175,0.544222
0.119115,-0.392330
-0.569419,-0.308793
-0.637289,0.025666
-0.664682,-0.175192
0.628964,0.371523
-0.042797,-0.069109
-0.751254,0.063688
-0.021170,0.814743
0.189259,0.291126
-0.336125,-0.432074
-0.192007,-0.542041
0.222231,0.039246
-0.266425,0.048893
0.310796,-1.073633
0.162806,-0.098156
0.442440,-0.175491
0.306954,-0.087380
0.743295,-0.237741
0.107357,0.377849
-0.582904,-0.142709
0.477788,0.095358
-0.607933,0.579983
-0.745307,0.015250
-0.291616,-0.135249
-0.058743,0.605547
0.293264,-0.016902
-0.201185,-0.304919
0.029046,0.834093
-0.214422,-0.019813
0.051150,-0.300862
-0.347898,-0.083752
-0.158509,0.239996
-0.619697,-0.012769
-0.234353,-0.041074
-0.260699,0.227971
0.062168,0.062024
-0.119069,0.194512
-0.121411,0.068525
-0.008659,0.186017
0.126159,0.259283
0.565863,0.047326
-0.038652,0.146401
-0.054440,0.584077
-0.096029,0.309921
0.481651,0.048961
-0.107071,0.433691
-0.117124,0.260223
0.398579,-0.058958
-0.327081,0.438998
-0.148922,-0.009596
-0.437700,-0.410500
0.289829,-0.153723
0.043476,0.125705
0.156318,0.287439
-0.360762,0.200890
0.367983,0.045109
-0.582051,-0.236045
0.065790,1.156103
0.392395,0.143550
-0.500026,-0.159111
-0.089267,-0.333085
-0.055793,-0.118878
0.113050,-0.001914
-0.196278,-0.469846
0.314014,-0.190879
-0.089245,-0.114154
-0.251946,-0.055813
-0.429714,-0.116215
0.146668,0.075558
-1.011259,0.654025
-0.451728,0.305989
0.015300,0.014026
-0.409364,0.729408
-0.221928,0.158796
-0.406484,-0.053531
0.282336,0.298887
-0.461625,0.377432
-0.658006,-0.082445
-0.289057,0.315983
-0.261150,0.391034
-0.238029,0.149949
0.162266,0.108707
0.057796,0.032806
-0.007329,-0.386750
-0.025866,0.223123
-0.338555,0.136366
-0.111577,-0.421164
-0.432399,-0.366188
0.279953,0.031484
0.086273,-0.141858
-0.503910,0.357444
-0.441048,0.021876
0.387431,0.346336
0.318493,-0.083083
-0.109700,-0.092859
0.255435,-0.043121
0.105199,0.301363
0.364018,0.079172
-0.088054,-0.042376
-0.397054,0.119575
-0.084949,0.763136
0.146613,0.219642
-0.632247,-0.260230
0.021522,-0.775167
-0.515479,-0.304127
-0.178582,-0.140344
0.141556,0.317724
0.424971,0.119715
0.112119,0.680462
0.062425,-0.154594
-0.643937,0.008478
-0.240444,0.076965
-0.874686,0.224499
0.020593,0.083865
0.025628,-0.322946
-0.010008,0.210685
0.006057,-0.072927
0.454304,-0.155144
-0.228998,0.117503
-0.576382,0.130742
0.008056,-0.060334
0.300600,-0.077121
-0.128093,0.102746
-0.355266,0.181020
-0.073550,-0.333057
0.423352,-0.052657
0.125431,0.553452
-0.306563,-0.272041
-0.593508,0.154579
0.197710,0.126228
-0.207697,-0.192776
0.294719,-0.559323
-0.217533,0.951599
0.635640,0.002614
0.139815,0.355979
0.135993,-0.450452
0.242002,0.625989
0.370463,-0.276331
-0.060788,0.081415
-0.865695,0.027797
0.254973,0.199344
-0.207830,-0.135946
0.352537,0.239134
-0.530828,-0.186088
-0.087165,-0.121867
-0.127158,-0.020145
0.087242,0.303032
0.062151,-0.128936
0.011925,-0.007539
-0.498199,0.231281
0.062316,-0.109883
0.653377,-0.559252
-0.107515,-0.088860
-0.388310,0.577215
-0.746074,0.082944
0.231065,-0.071739
-0.160739,0.375673
-0.039973,0.366690
0.481038,0.081213
0.027294,0.138151
-0.463893,0.055552
-0.072139,-0.104017
0.551237,-0.013866
-0.537579,0.389731
0.006591,0.423491
-0.340251,0.110088
0.003293,-0.324045
0.241569,-0.322736
0.253829,0.129315
-0.046827,0.162634
-0.039451,0.018981
0.006208,-0.300188
-0.046757,0.105811
-0.098031,0.272945
-0.675402,-0.114388
0.013103,-0.220152
-0.011874,0.497085
0.408275,-0.451422
-0.077499,0.423826
0.087190,-0.006883
0.305058,0.694955
-0.005793,0.092684
0.327026,-0.112401
0.402121,0.045419
-0.306199,0.077406
-0.444116,0.060350
-0.509640,0.394261
-0.282434,0.308424
0.249490,-0.258410
-0.607045,0.494213
0.338313,0.279748
-0.859944,-0.300347
-0.201823,-0.651259
0.392588,-0.489514
0.367346,0.424777
0.009977,0.225509
0.067847,0.295652
0.232861,0.447864
-0.498539,0.096722
-0.269479,0.311882
-0.198773,0.475711
-0.824362,0.311494
-0.193461,0.321219
-0.385341,0.209228
-0.096182,0.772091
-0.016175,0.599209
-0.012674,0.159983
-0.478052,0.385247
-0.292093,0.145085
0.067351,-0.533320
0.015266,-0.274110
0.259027,0.111327
-0.185466,-0.204168
-0.401332,-0.484732
0.686551,0.032748
0.001074,0.103440
-0.354045,0.564747
-0.365828,0.074343
0.236434,0.432051
-0.069602,0.336847
0.090208,-0.083516
0.969331,-0.474653
-0.369306,-0.275848
-0.021525,-0.339949
-0.121043,-0.127787
-0.507608,-0.374795
-0.382612,-0.164569
0.182833,0.482730
-0.154496,-0.096200
0.156336,0.343236
-0.035638,0.055508
0.158295,0.103522
0.063327,-0.189465
-0.194085,0.250438
-0.151804,-0.328854
-0.559622,0.528501
0.322890,0.027380
-0.225296,0.273751
-0.037415,-0.024741
-0.384950,0.057442
-0.206063,0.358696
0.141208,-0.128055
-0.505511,0.216925
-0.054200,-0.010278
-0.147813,0.282717
-0.257498,-0.532707
-0.100456,-0.470110
0.215889,0.105510
0.375076,0.351089
-0.453904,-0.341395
0.442203,-0.093426
-0.087782,-0.232984
0.365139,-0.060058
-0.269239,0.094097
0.282403,0.148507
0.624250,-0.254670
0.382042,-0.236606
-0.363064,-0.059515
0.170409,-0.249987
-0.002063,-0.133613
-0.027259,0.258114
-0.266853,0.219746
-0.547055,0.094530
-0.470628,0.250569
-0.167277,0.556472
-0.426941,-0.570225
0.071557,0.368243
0.204611,0.644031
0.091561,0.380310
-0.192156,0.432415
0.040241,0.024040
-0.270225,0.131085
-0.291966,0.686005
-0.507611,-0.183357
-0.457738,0.008718
-0.623478,0.357371
0.166743,-0.114660
0.041900,0.184026
-0.236394,0.340023
0.093541,0.193823
0.222034,0.007434
-0.302278,0.155596
0.369801,0.299981
0.178989,0.013420
0.360251,-0.052973
-0.160761,0.680910
0.157165,0.086181
-0.036812,0.286268
0.493866,-0.097063
0.202879,-0.076301
-0.568554,0.082336
-0.340556,-0.336753
-0.276468,-0.196394
0.294772,0.387985
0.251459,-0.910832
0.199142,0.125052
0.211580,0.309537
-0.312458,0.571031
-0.474734,-0.106789
0.160674,0.265512
0.013113,-0.382250
-0.243644,0.329972
-0.267973,-0.141498
0.199460,0.571551
0.538077,0.151825
0.403705,0.424951
0.506123,0.065442
-0.384355,-0.557260
-0.430784,0.254809
-0.002356,0.615472
-0.045816,0.192604
0.070341,0.118338
-0.118143,0.634004
0.035975,0.006281
-0.108165,-0.442893
0.332074,0.060644
0.439597,0.170213
0.156204,0.241198
0.392940,0.186344
-0.283916,-0.121972
-0.383803,-0.101663
-0.019895,-0.272076
0.478625,-0.001674
-0.018481,-0.175751
0.205920,0.206974
0.433308,0.063448
-0.127258,-0.320810
-0.430699,0.312374
-0.199468,-0.026290
0.183722,0.147404
0.839758,-0.464114
-0.545685,1.008910
-0.424409,0.244755
-0.011888,-0.103646
-0.849016,1.050693
0.370549,0.233554
-0.044325,0.302100
0.560010,-0.190656
0.450346,-0.941251
0.308039,-0.588991
0.212162,0.237306
-0.055527,0.063588
-0.357874,0.058113
-0.311986,0.292971
0.304222,-0.052305
-0.146289,0.090970
-0.042211,0.041485
-0.148355,0.317429
0.517036,-0.174635
-0.128700,0.546854
-0.342794,0.300526
-0.063972,0.492789
0.338966,0.404683
0.140850,-0.080141
-0.590352,-0.177593
0.040443,0.756330
-0.048382,0.311845
-0.598112,0.618395
-0.728294,-0.226839
0.199883,0.310632
-0.552423,-0.193950
-0.199340,0.314193
-0.061924,-0.013073
0.054657,0.219387
-0.212426,0.273835
-0.418022,-0.327516
0.111574,0.078173
-0.131585,0.179721
-0.102839,0.827435
0.621214,-0.148588
-0.324336,0.252016
-0.201298,-0.225186
-0.310975,0.143166
0.293159,0.348411
-0.306132,-0.127544
0.238563,0.582232
-0.048847,0.545523
-0.012203,0.427164
0.171346,-0.601096
-0.037439,0.095368
0.105080,0.160289
0.029546,0.218797
0.028968,0.030799
0.197039,0.198776
0.181626,-0.355725
-0.374080,0.415528
-0.430389,-0.375772
-0.107074,0.373901
-0.339925,0.469061
-0.566416,0.135876
-0.605280,0.090071
-0.246555,0.444505
-0.148111,0.130165
0.566756,-0.337697
-0.088649,-0.487498
0.205324,1.151056
-0.302375,0.285145
0.111619,-0.191500
-0.386303,-0.404528
0.275400,0.261845
-0.133479,0.037858
0.260253,0.333292
-0.163036,-0.553761
0.139311,-0.382200
-0.626460,0.168544
-0.315240,0.061912
-0.064980,0.417810
-0.002982,0.124453
0.233856,-0.163418
0.423792,-0.003081
-0.234899,0.477083
0.374016,0.359442
-0.025048,-0.087830
-0.186894,0.498769
-0.335698,0.087069
0.140146,0.267041
0.008076,0.936678
0.337397,-0.052608
-0.157949,-0.464123
0.304383,0.053225
-0.166220,0.346801
-0.252674,0.070624
0.353583,0.197853
-0.149680,0.082847
0.398311,0.103350
-0.004177,0.207724
-0.063993,0.587415
0.241904,0.160939
0.600191,-0.242149
0.267964,-0.197909
-0.420073,-0.419548
-0.198430,-0.119154
-0.359417,0.165373
-0.004876,0.738768
-0.581594,0.053775
-0.037892,0.168836
-0.160418,-0.560875
-0.193042,0.759190
-0.053483,0.372064
-0.004039,0.646998
0.036796,0.717329
-0.245685,0.286931
-0.703221,0.256559
-0.698781,0.188673
-0.099575,0.186380
-0.732396,-0.212946
0.080490,-0.152848
-0.307325,0.372977
-0.415145,-0.217839
0.010095,0.506445
-0.259013,0.918282
-0.394689,0.610038
0.344999,0.115138
-0.314469,0.011027
-0.589500,0.435041
-0.195903,0.317164
0.701895,-0.072413
-0.017413,0.566835
-0.182376,0.149343
0.269109,-0.038862
0.180802,0.247656
-0.017632,0.209350
0.020490,0.660126
-0.463717,0.156550
0.035791,-0.223768
0.120268,-0.196111
-0.213483,0.452691
0.172160,-0.294737
-0.407952,0.640307
-0.214452,0.252554
-0.231108,0.241855
-0.263655,0.202503
-0.097930,-0.144701
-0.635162,0.341086
0.134916,-0.026532
0.176206,-0.261406
-0.190103,0.252727
0.104338,0.094328
-0.075109,-0.030575
-0.019744,-0.235004
0.207610,0.422428
0.505408,-0.131394
-0.188071,-0.447902
0.151733,0.163218
-0.006609,-0.055068
-0.018769,0.770563
-0.132826,0.064303
-0.081412,-0.217841
0.215148,0.781053
0.517861,-0.179168
0.220981,0.231447
0.328144,0.149855
-0.009229,0.083295
-0.167853,0.147425
0.225548,0.383673
0.187333,0.084752
0.385062,0.224914
-0.608773,-0.091321
0.006566,0.537836
0.330434,0.263379
-0.099133,0.598534
0.350591,-0.032780
0.258664,0.371027
-0.403826,-0.061964
0.265624,0.169893
-0.428344,-0.121554
0.061241,0.417449
-0.235723,0.571704
-0.110982,0.272228
0.188359,0.206614
-0.060814,0.338893
0.198558,0.295046
-0.416377,0.235538
0.066793,0.201409
-0.064698,0.110421
-0.163258,0.385034
-0.229267,0.649727
-0.064542,0.794778
0.057682,0.634146
-0.209887,0.184699
-0.098177,0.384513
0.387572,-0.328421
0.112412,0.215268
-0.049137,0.101349
-0.359538,-0.127749
-0.174280,-0.235425
-0.203126,0.148257
-0.454128,-0.085287
-0.081389,0.683426
0.133237,0.293169
0.405475,-0.169647
-0.217921,0.255051
-0.043912,0.046533
0.411417,0.473775
-0.578519,0.243754
0.332599,-0.038975
-0.408878,0.142222
0.589968,-0.194935
-0.622764,-0.290153
-0.038773,0.375790
0.077294,0.018126
-0.349672,0.200549
-0.074478,-0.334939
-0.137146,0.456329
0.063463,0.001306
-0.148541,-0.204492
-0.014818,-0.043852
0.057554,0.275554
-0.035753,0.067040
-0.130387,0.592891
0.230856,0.012461
-0.016323,0.386672
-0.058853,-0.244221
0.214016,0.298407
0.021525,0.408504
-0.086111,0.120271
-0.227729,0.086329
0.036343,-0.065561
-0.147762,0.371873
-0.287929,-0.081977
-0.405929,-0.021995
-0.035273,0.506136
-0.309036,0.459806
-0.057384,0.201838
-0.173687,0.463909
-0.415322,-0.043062
0.068326,0.533590
0.251456,-0.100863
-0.129862,0.138394
-0.379001,0.979972
-0.699632,0.204358
0.260713,-0.141329
-0.124389,-0.237877
0.201581,0.311804
0.237445,0.202601
0.301851,0.365086
0.116923,0.372371
-0.435285,-0.062715
0.280881,0.613021
0.168338,0.573808
-0.460583,0.223145
-0.164241,0.652446
0.448869,0.078825
-0.186680,0.154475
0.039887,-0.095710
0.120154,0.204445
-0.118083,0.410833
0.005671,0.531435
0.329839,-0.207417
0.220346,0.904763
0.535427,-0.143645
0.177842,0.820328
-0.074207,0.046327
-0.358355,-0.442754
0.100154,0.409262
-0.796397,0.540170
0.091755,0.832523
0.053612,0.569985
-0.385789,0.601140
-0.017790,0.565489
0.070772,-0.181159
0.137226,-0.085520
-0.099876,0.262314
0.071277,0.000365
-0.251740,-0.392027
0.003160,0.017025
0.495652,0.038514
0.007153,0.505488
-0.078838,0.743927
0.006333,0.655151
-0.280224,0.224447
0.284445,0.308441
-0.045541,0.289200
0.611749,-0.201791
-0.232520,0.218434
-0.091995,0.184509
0.273194,0.216094
0.350446,-0.351276
-0.633421,-0.291235
-0.376202,-0.154773
0.515019,0.019930
-0.163579,0.299878
-0.029094,0.512388
-0.458110,-0.194485
-0.012927,0.656169
-0.376526,0.156850
0.028078,0.321983
-0.187092,0.471917
0.205343,0.244699
-0.013838,0.337471
0.172779,0.134282
-0.021681,0.742891
-0.166789,0.547745
0.335955,-0.058844
0.268090,0.206384
-0.397228,0.348977
0.061903,-0.141429
-0.238040,-0.024890
-0.922545,-0.150966
0.155132,-0.081616
0.358815,0.515995
-0.239078,0.238479
-0.413222,0.393757
-0.484190,0.268924
0.137518,0.120870
0.146982,0.525159
-0.158065,0.205035
0.136859,0.377813
-0.302779,-0.005454
0.295058,0.453136
-0.294934,0.664565
-0.295327,0.134154
-0.314480,0.132169
-0.131278,0.253074
-0.270502,0.651829
0.245771,0.371248
0.207303,0.276583
0.060504,0.148209
0.164722,-0.024025
-0.170891,0.450798
-0.047836,0.387164
